종목코드,탭코드,종목명,현재가,등락구분,전일비,등락률,순자산가치(NAV),3개월수익률,거래량,거래대금(백만),시가총액(억),유형,브랜드,인버스,레버리지,환헤지H
069500,1,KODEX 200,43005,2,130,0.3,43027.0,-0.7363,2409683,103245,41672,국내,KODEX,False,False,False
153130,6,KODEX 단기채권,102845,3,0,0.0,102846.0,0.034,16993,1747,24206,파생,KODEX,False,False,False
252670,3,KODEX 200선물인버스2X,1930,5,-10,-0.52,1930.0,0.0,208047261,403732,22070,국내,KODEX,True,False,False
102110,1,TIGER 200,43020,2,85,0.2,43060.0,-0.7054,917304,39354,21575,국내,TIGER,False,False,False
102780,2,KODEX 삼성그룹,10570,2,35,0.33,10594.0,3.2033,254361,2680,18180,시장지수,KODEX,False,False,False
214980,6,KODEX 단기채권PLUS,103150,5,-10,-0.01,103151.0,0.0581,869568,89698,14314,파생,KODEX,False,False,False
122630,3,KODEX 레버리지,27990,2,125,0.45,28203.0,-2.2281,13289425,369506,13995,국내,KODEX,False,True,False
273130,6,KODEX 종합채권(AA-이상)액티브,109845,2,40,0.04,109832.0,0.8356,5949,653,13935,파생,KODEX,False,False,False
278530,1,KODEX 200TR,14065,2,50,0.36,14072.0,-0.849,24819,347,12743,국내,KODEX,False,False,False
292150,2,TIGER TOP10,14750,5,-65,-0.44,14793.0,0.4542,291636,4296,12692,시장지수,TIGER,False,False,False
371460,4,TIGER 차이나전기차SOLACTIVE,15635,5,-365,-2.28,,48.0795,9662619,150205,11833,업종/테마,TIGER,False,False,False
278540,1,KODEX MSCI Korea TR,13735,5,-5,-0.04,13771.0,-1.7168,264815,3627,11469,국내,KODEX,False,False,False
148020,1,KBSTAR 200,43080,2,130,0.3,43100.0,-0.6776,30555,1311,10705,국내,KBSTAR,False,False,False
157450,6,TIGER 단기통안채,100240,3,0,0.0,100240.0,0.0648,1446,144,10689,파생,TIGER,False,False,False
114800,3,KODEX 인버스,3765,5,-5,-0.13,3765.0,0.1328,32299879,121963,10659,국내,KODEX,True,False,False
139260,2,TIGER 200 IT,38510,5,-85,-0.22,38559.0,-4.0976,171594,6587,9250,시장지수,TIGER,False,False,False
305720,2,KODEX 2차전지산업,20800,5,-150,-0.72,20850.0,6.1619,1731884,36073,9027,시장지수,KODEX,False,False,False
152100,1,ARIRANG 200,43410,2,120,0.28,43448.0,-0.7384,77205,3338,8942,국내,ARIRANG,False,False,False
233740,1,KODEX 코스닥150 레버리지,15430,5,-435,-2.74,15584.0,1.2444,9591156,149120,8749,국내,KODEX,False,True,False
133690,4,TIGER 미국나스닥100,77430,5,-510,-0.65,,11.6139,95659,7403,8595,업종/테마,TIGER,False,False,False
364980,2,TIGER KRX2차전지K-뉴딜,17525,5,-10,-0.06,17533.0,2.4539,777011,13615,7527,시장지수,TIGER,False,False,False
105190,1,KINDEX 200,43095,2,115,0.27,43115.0,-0.7505,227483,9774,7326,국내,KINDEX,False,False,False
310970,1,TIGER MSCI Korea TR,17300,2,20,0.12,17299.0,-1.6506,2164,37,7180,국내,TIGER,False,False,False
305540,2,TIGER 2차전지테마,20085,5,-200,-0.99,20082.0,9.0884,1398973,28081,7060,시장지수,TIGER,False,False,False
091180,2,KODEX 자동차,23230,5,-125,-0.54,23232.0,2.3354,290735,6747,6435,시장지수,KODEX,False,False,False
293180,1,HANARO 200,43015,2,100,0.23,43049.0,-0.7126,86127,3693,6194,국내,HANARO,False,False,False
069660,1,KOSEF 200,43015,2,115,0.27,43030.0,-0.7198,3762,161,6087,국내,KOSEF,False,False,False
314250,4,KODEX 미국FANG플러스(H),28230,2,10,0.04,,2.4505,464589,12994,5561,업종/테마,KODEX,False,False,True
315930,2,KODEX Top5PlusTR,19650,5,-80,-0.41,19653.0,-1.6206,6846,133,5089,시장지수,KODEX,False,False,False
251340,3,KODEX 코스닥150선물인버스,4370,2,60,1.39,4369.0,-2.4887,38236111,166267,5012,국내,KODEX,True,False,False
229200,1,KODEX 코스닥 150,14585,5,-195,-1.32,14740.0,0.5373,3609424,52677,4988,국내,KODEX,False,False,False
294400,1,KOSEF 200TR,51120,2,195,0.38,51136.0,-0.818,4911,250,4959,국내,KOSEF,False,False,False
364960,2,TIGER KRX BBIG K-뉴딜,13920,5,-90,-0.64,13926.0,10.6635,684566,9549,4691,시장지수,TIGER,False,False,False
381180,4,TIGER 미국필라델피아반도체나스닥,10035,5,-95,-0.94,,4.2181,804439,8039,4340,업종/테마,TIGER,False,False,False
360750,4,TIGER 미국S&P500,12825,2,10,0.08,,9.2963,378510,4854,4271,업종/테마,TIGER,False,False,False
332500,1,KINDEX 200TR,26225,2,135,0.52,26229.0,-1.0619,9191,239,3829,국내,KINDEX,False,False,False
381170,4,TIGER 미국테크TOP10 INDXX,11515,5,-95,-0.82,,14.7233,1932552,22207,3748,업종/테마,TIGER,False,False,False
385540,6,KBSTAR KIS종합채권(A-이상)액티브,101250,5,-55,-0.05,101232.0,,26,2,3587,파생,KBSTAR,False,False,False
290130,2,KBSTAR ESG사회책임투자,13900,3,0,0.0,13911.0,-1.3275,34389,476,3433,시장지수,KBSTAR,False,False,False
091170,2,KODEX 은행,7410,2,75,1.02,7440.0,1.9741,759702,5603,3386,시장지수,KODEX,False,False,False
226490,1,KODEX 코스피,32580,2,50,0.15,32582.0,0.6809,17889,579,3030,국내,KODEX,False,False,False
282000,3,KBSTAR 국고채3년선물인버스,99880,2,100,0.1,99871.0,0.2058,6,0,3025,국내,KBSTAR,True,False,False
251350,4,KODEX 선진국MSCI World,19870,5,-5,-0.03,,8.3401,30605,608,3000,업종/테마,KODEX,False,False,False
295040,1,SMART 200TR,14615,2,30,0.21,14645.0,-0.8498,13627,198,2872,국내,SMART,False,False,False
367770,2,KBSTAR Fn수소경제테마,12615,5,-50,-0.39,12625.0,-0.0395,101384,1277,2807,시장지수,KBSTAR,False,False,False
272560,6,KBSTAR 단기국공채액티브,102095,5,-5,0.0,102085.0,0.0882,494231,50462,2792,파생,KBSTAR,False,False,False
332940,1,HANARO MSCI Korea TR,17175,5,-50,-0.29,17279.0,-1.487,335,5,2782,국내,HANARO,False,False,False
360200,4,KINDEX 미국S&P500,12920,2,5,0.04,,9.4027,244190,3155,2752,업종/테마,KINDEX,False,False,False
192090,4,TIGER 차이나CSI300,11215,5,-215,-1.88,,-0.6087,1004455,11234,2736,업종/테마,TIGER,False,False,False
275980,4,TIGER 글로벌4차산업혁신기술(합성 H),18545,5,-195,-1.04,,1.5442,72893,1353,2578,업종/테마,TIGER,False,False,True
357870,7,TIGER CD금리투자KIS(합성),50365,2,5,0.01,50366.0,0.169,40,2,2530,해외,TIGER,False,False,False
385550,6,KBSTAR KIS단기종합채권(AA-이상)액티브,99980,5,-15,-0.02,99972.0,,48,4,2507,파생,KBSTAR,False,False,False
371160,4,TIGER 차이나항셍테크,8270,2,60,0.73,,-22.4741,3585131,29265,2456,업종/테마,TIGER,False,False,False
168580,4,KINDEX 중국본토CSI300,29950,5,-250,-0.83,,-1.3072,52416,1562,2426,업종/테마,KINDEX,False,False,False
261220,5,KODEX WTI원유선물(H),10930,2,15,0.14,,16.7379,211241,2305,2410,국내,KODEX,False,False,True
132030,5,KODEX 골드선물(H),12250,2,75,0.62,,0.4123,98486,1205,2377,국내,KODEX,False,False,True
091160,2,KODEX 반도체,37600,5,-600,-1.57,37643.0,-4.8474,279095,10504,2350,시장지수,KODEX,False,False,False
196230,6,KBSTAR 단기통안채,104490,5,-5,0.0,104496.0,0.067,1632758,170623,2296,파생,KBSTAR,False,False,False
143850,4,TIGER 미국S&P500선물(H),51360,5,-140,-0.27,,5.4571,87618,4491,2234,업종/테마,TIGER,False,False,True
332930,1,HANARO 200TR,51165,2,140,0.27,51176.0,-0.7489,100,5,2226,국내,HANARO,False,False,False
108450,2,KINDEX 삼성그룹섹터가중,17425,3,0,0.0,17494.0,5.2488,7045,122,2056,시장지수,KINDEX,False,False,False
245710,4,KINDEX 베트남VN30(합성),20780,5,-70,-0.34,,14.1527,35863,746,2036,업종/테마,KINDEX,False,False,False
161510,2,ARIRANG 고배당주,12550,2,95,0.76,12581.0,1.823,94653,1185,2029,시장지수,ARIRANG,False,False,False
272580,6,TIGER 단기채권액티브,50110,5,-5,-0.01,50111.0,0.0299,3817,191,2019,파생,TIGER,False,False,False
232080,1,TIGER 코스닥150,14810,5,-210,-1.4,14946.0,0.6769,189335,2808,1982,국내,TIGER,False,False,False
190620,6,KINDEX 단기통안채,100375,3,0,0.0,100370.0,0.0947,1693,169,1929,파생,KINDEX,False,False,False
367380,4,KINDEX 미국나스닥100,13290,5,-100,-0.75,,11.7229,199024,2645,1900,업종/테마,KINDEX,False,False,False
302450,1,KBSTAR 코스피,32585,2,20,0.06,32574.0,0.5123,63,2,1890,국내,KBSTAR,False,False,False
278240,1,KBSTAR 코스닥150선물레버리지,15720,5,-405,-2.51,15721.0,1.7029,44597,701,1797,국내,KBSTAR,False,True,False
390950,6,HANARO 단기채권액티브,100090,3,0,0.0,100091.0,,0,0,1746,파생,HANARO,False,False,False
143860,2,TIGER 헬스케어,43205,5,-295,-0.68,43411.0,-4.5111,12391,537,1711,시장지수,TIGER,False,False,False
270810,1,KBSTAR 코스닥150,14505,5,-215,-1.46,14652.0,0.8288,7732,112,1665,국내,KBSTAR,False,False,False
394670,4,TIGER 글로벌리튬&2차전지SOLACTIVE(합성),10260,5,-105,-1.01,,,2282492,23194,1625,업종/테마,TIGER,False,False,False
150460,2,TIGER 중국소비테마,8985,5,-40,-0.44,9004.0,6.3015,59591,535,1598,시장지수,TIGER,False,False,False
326240,2,KBSTAR IT플러스,22870,5,-110,-0.48,22874.0,3.5508,183562,4188,1592,시장지수,KBSTAR,False,False,False
136340,6,KBSTAR 중기우량회사채,105100,5,-180,-0.17,105139.0,-0.1802,174,18,1555,파생,KBSTAR,False,False,False
182480,7,TIGER 미국MSCI리츠(합성 H),15340,2,135,0.89,,8.6071,54044,825,1457,해외,TIGER,False,False,True
091230,2,TIGER 반도체,38535,5,-665,-1.7,38537.0,-4.7388,62823,2419,1387,시장지수,TIGER,False,False,False
148070,6,KOSEF 국고채10년,122615,2,115,0.09,122515.0,1.8965,5094,623,1373,파생,KOSEF,False,False,False
138540,2,TIGER 현대차그룹+펀더멘털,27235,5,-15,-0.06,27324.0,1.9034,21028,572,1356,시장지수,TIGER,False,False,False
298770,4,KODEX 한국대만IT프리미어,20130,5,-115,-0.57,,-2.2689,33871,683,1329,업종/테마,KODEX,False,False,False
367760,2,KBSTAR Fn5G테크,11370,5,-100,-0.87,11374.0,-1.0183,76202,866,1234,시장지수,KBSTAR,False,False,False
328370,1,ARIRANG 코스피TR,16145,5,-90,-0.55,16260.0,0.4019,861523,13968,1227,국내,ARIRANG,False,False,False
219480,4,KODEX 미국S&P500선물(H),21135,5,-60,-0.28,,5.4739,24311,513,1215,업종/테마,KODEX,False,False,True
372330,4,KODEX 차이나항셍테크,8305,2,75,0.91,,-22.3219,1373661,11249,1200,업종/테마,KODEX,False,False,False
283580,4,KODEX 중국본토CSI300,13595,5,-215,-1.56,,-0.576,193704,2623,1196,업종/테마,KODEX,False,False,False
252710,3,TIGER 200선물인버스2X,2005,5,-5,-0.25,2004.0,0.0,4151154,8368,1151,국내,TIGER,True,False,False
273140,6,KODEX 단기변동금리부채권액티브,102620,3,0,0.0,102620.0,0.0877,1977,202,1140,파생,KODEX,False,False,False
325010,2,KODEX Fn성장,18795,5,-80,-0.42,18772.0,1.1142,1074,20,1090,시장지수,KODEX,False,False,False
225040,4,TIGER 미국S&P500레버리지(합성 H),33000,5,-160,-0.48,,9.6017,13453,443,1089,업종/테마,TIGER,False,True,True
204480,4,TIGER 차이나CSI300레버리지(합성),28490,5,-1005,-3.41,,-3.406,387545,10881,1083,업종/테마,TIGER,False,True,False
139280,2,TIGER 경기방어,12350,2,30,0.24,12349.0,-1.2742,19155,235,1050,시장지수,TIGER,False,False,False
144600,5,KODEX 은선물(H),5120,5,-75,-1.44,,-4.1513,549369,2799,1044,국내,KODEX,False,False,True
329200,2,TIGER 부동산인프라고배당,5880,2,20,0.34,5890.0,4.6428,102637,602,1044,시장지수,TIGER,False,False,False
368590,4,KBSTAR 미국나스닥100,12865,5,-80,-0.62,,11.5467,71677,921,1003,업종/테마,KBSTAR,False,False,False
156080,1,KODEX MSCI Korea,19900,5,-125,-0.62,20055.0,-1.3839,59,1,995,국내,KODEX,False,False,False
325020,2,KODEX 배당가치,13690,2,65,0.48,13687.0,-0.8659,3666,50,986,시장지수,KODEX,False,False,False
228800,2,TIGER 여행레저,5355,2,10,0.19,5358.0,13.9658,333084,1775,959,시장지수,TIGER,False,False,False
139220,2,TIGER 200 건설,3375,2,25,0.75,3374.0,3.5548,696657,2345,954,시장지수,TIGER,False,False,False
117700,2,KODEX 건설,3875,2,20,0.52,3894.0,2.6631,424800,1645,953,시장지수,KODEX,False,False,False
371470,4,TIGER 차이나바이오테크SOLACTIVE,11770,2,160,1.38,,-5.6098,341910,3915,951,업종/테마,TIGER,False,False,False
376410,2,TIGER 탄소효율그린뉴딜,10315,5,-15,-0.15,10347.0,-0.145,12385,127,949,시장지수,TIGER,False,False,False
322400,2,HANARO e커머스,20470,5,-90,-0.44,20471.0,11.6541,144090,2944,942,시장지수,HANARO,False,False,False
114260,6,KODEX 국고채3년,57975,5,-100,-0.17,58007.0,0.0,468,27,939,파생,KODEX,False,False,False
267770,3,TIGER 200선물레버리지,21140,2,95,0.45,21137.0,-1.8424,700759,14750,930,국내,TIGER,False,True,False
364970,2,TIGER KRX바이오K-뉴딜,10385,5,-120,-1.14,10413.0,1.4485,105582,1102,929,시장지수,TIGER,False,False,False
387280,2,TIGER 퓨처모빌리티액티브,10980,5,-110,-0.99,10992.0,,83333,917,925,시장지수,TIGER,False,False,False
122260,6,KOSEF 통안채1년,101215,5,-20,-0.02,101222.0,-0.0543,21503,2176,921,파생,KOSEF,False,False,False
379800,4,KODEX 미국S&P500TR,11180,2,20,0.18,,9.2511,126442,1412,872,업종/테마,KODEX,False,False,False
233160,1,TIGER 코스닥150 레버리지,16370,5,-440,-2.62,16529.0,0.87,288153,4755,851,국내,TIGER,False,True,False
368190,2,HANARO Fn K-뉴딜디지털플러스,13625,5,-85,-0.62,13628.0,5.4615,18548,252,845,시장지수,HANARO,False,False,False
309230,2,KINDEX 미국WideMoat가치주,17390,2,55,0.32,,7.2047,102898,1792,817,시장지수,KINDEX,False,False,False
195930,4,TIGER 유로스탁스50(합성 H),13815,5,-50,-0.36,,1.9485,279850,3857,815,업종/테마,TIGER,False,False,True
304940,4,KODEX 미국나스닥100선물(H),18960,5,-205,-1.07,,7.5175,40811,773,806,업종/테마,KODEX,False,False,True
261240,7,KODEX 미국달러선물,10235,2,40,0.39,10237.0,3.6077,135683,1388,794,해외,KODEX,False,False,False
266160,2,KBSTAR 고배당,12865,2,70,0.55,12905.0,-0.0391,16348,209,791,시장지수,KBSTAR,False,False,False
385520,2,KODEX K-미래차액티브,10845,5,-55,-0.5,10848.0,,69911,756,775,시장지수,KODEX,False,False,False
157490,2,TIGER 소프트웨어,19250,5,-160,-0.82,19254.0,10.034,53349,1027,774,시장지수,TIGER,False,False,False
379810,4,KODEX 미국나스닥100TR,11365,5,-70,-0.61,,11.6699,231159,2624,761,업종/테마,KODEX,False,False,False
174360,4,KBSTAR 중국본토대형주CSI100,20040,5,-95,-0.47,,-6.5878,43703,873,741,업종/테마,KBSTAR,False,False,False
130680,5,TIGER 원유선물Enhanced(H),3300,2,5,0.15,,16.431,97845,322,731,국내,TIGER,False,False,True
195980,4,ARIRANG 신흥국MSCI(합성 H),12020,5,-150,-1.23,,-6.2043,42064,504,704,업종/테마,ARIRANG,False,False,True
256750,4,KODEX 심천ChiNext(합성),14230,5,-340,-2.33,,14.0062,152855,2152,683,업종/테마,KODEX,False,False,False
245340,4,TIGER 미국다우존스30,20460,2,65,0.32,,6.948,17085,349,675,업종/테마,TIGER,False,False,False
114820,6,TIGER 국채3년,110530,5,-165,-0.15,110604.0,0.0045,1077,119,663,파생,TIGER,False,False,False
277630,1,TIGER 코스피,32750,5,-95,-0.29,32870.0,0.665,2094,68,655,국내,TIGER,False,False,False
306520,3,HANARO 200선물인버스,8660,5,-20,-0.23,8659.0,0.2888,1803,15,641,국내,HANARO,True,False,False
363510,6,SMART KIS단기통안채,100330,3,0,0.0,100357.0,0.0398,0,0,630,파생,SMART,False,False,False
091220,2,TIGER 은행,7730,2,95,1.24,7757.0,1.5562,23817,183,628,시장지수,TIGER,False,False,False
266370,2,KODEX IT,21055,5,-160,-0.75,21119.0,-2.1539,8382,175,611,시장지수,KODEX,False,False,False
289260,2,TIGER MSCI KOREA ESG리더스,12155,5,-65,-0.53,12206.0,-1.396,257,3,605,시장지수,TIGER,False,False,False
394660,4,TIGER 글로벌자율주행&전기차SOLACTIVE,10320,5,-60,-0.58,,,607282,6269,603,업종/테마,TIGER,False,False,False
329750,6,TIGER 미국달러단기채권액티브,9885,2,30,0.3,,3.5189,46827,463,598,파생,TIGER,False,False,False
336160,6,KBSTAR 금융채액티브,102980,5,-155,-0.15,102985.0,-0.3623,54,5,597,파생,KBSTAR,False,False,False
117680,2,KODEX 철강,10555,5,-20,-0.19,10585.0,-2.9372,214683,2272,591,시장지수,KODEX,False,False,False
365000,2,TIGER KRX인터넷K-뉴딜,12820,5,-135,-1.04,12848.0,12.019,162347,2089,590,시장지수,TIGER,False,False,False
305080,6,TIGER 미국채10년선물,12020,2,65,0.54,,6.031,62341,750,589,파생,TIGER,False,False,False
228810,2,TIGER 미디어컨텐츠,8495,5,-135,-1.56,8499.0,23.5504,305561,2609,584,시장지수,TIGER,False,False,False
245360,4,TIGER 차이나HSCEI,11120,2,50,0.45,,-13.3464,137368,1517,578,업종/테마,TIGER,False,False,False
102970,2,KODEX 증권,8290,2,5,0.06,8290.0,-7.2021,157147,1303,576,시장지수,KODEX,False,False,False
315960,2,KBSTAR 대형고배당10TR,16680,5,-15,-0.09,16699.0,-4.2718,4314,71,575,시장지수,KBSTAR,False,False,False
387270,4,TIGER 글로벌BBIG액티브,11270,5,-160,-1.4,,,148021,1667,575,업종/테마,TIGER,False,False,False
361580,1,KBSTAR 200TR,22045,2,60,0.27,22045.0,-0.5879,2474,54,573,국내,KBSTAR,False,False,False
329650,7,KODEX TRF3070,11425,2,15,0.13,11381.0,2.9318,43139,492,571,해외,KODEX,False,False,False
123310,3,TIGER 인버스,4165,3,0,0.0,4164.0,0.2406,211281,881,571,국내,TIGER,True,False,False
304780,1,HANARO 200선물레버리지,30710,2,160,0.52,30695.0,-1.8159,1282,38,553,국내,HANARO,False,True,False
139230,2,TIGER 200 중공업,3775,3,0,0.0,3786.0,8.0114,285353,1078,551,시장지수,TIGER,False,False,False
363580,2,KODEX 200IT TR,14455,5,-50,-0.34,14547.0,-4.5096,2356,34,549,시장지수,KODEX,False,False,False
130730,6,KOSEF 단기자금,101140,5,-5,0.0,101134.0,0.0742,1486214,150323,534,파생,KOSEF,False,False,False
354350,4,HANARO 글로벌럭셔리S&P(합성),18010,5,-70,-0.39,,4.1474,11592,209,531,업종/테마,HANARO,False,False,False
375770,2,KODEX 탄소효율그린뉴딜,10330,2,15,0.15,10330.0,-0.3382,5878,60,517,시장지수,KODEX,False,False,False
385510,2,KODEX K-신재생에너지액티브,10860,5,-70,-0.64,10860.0,,78720,852,516,시장지수,KODEX,False,False,False
371450,4,TIGER 글로벌클라우드컴퓨팅INDXX,11565,5,-95,-0.81,,6.193,40298,464,509,업종/테마,TIGER,False,False,False
385560,6,KBSTAR KIS국고채30년Enhanced,109955,2,160,0.15,109846.0,,52,5,506,파생,KBSTAR,False,False,False
302190,6,TIGER 중장기국채,52720,5,-60,-0.11,52747.0,0.995,126,6,485,파생,TIGER,False,False,False
337140,2,KODEX 코스피대형주,15105,2,10,0.07,15170.0,-0.9645,5052,76,483,시장지수,KODEX,False,False,False
292190,1,KODEX KRX300,19710,5,-30,-0.15,19764.0,-0.6593,4056,79,473,국내,KODEX,False,False,False
266360,2,KODEX 미디어&엔터테인먼트,26215,5,-215,-0.81,26255.0,14.3908,13094,344,472,시장지수,KODEX,False,False,False
243880,2,TIGER 200IT레버리지,67135,2,20,0.03,67260.0,-8.3379,6809,454,470,시장지수,TIGER,False,True,False
219390,4,KBSTAR 미국S&P원유생산기업(합성 H),3750,5,-50,-1.32,,7.8014,155011,577,469,업종/테마,KBSTAR,False,False,True
114460,6,KINDEX 국고채3년,106595,5,-160,-0.15,106645.0,-0.0375,11,1,416,파생,KINDEX,False,False,False
337160,2,KODEX 200ESG,15335,2,20,0.13,15349.0,-0.6359,1988,30,414,시장지수,KODEX,False,False,False
326230,2,KBSTAR 내수주플러스,11070,2,35,0.32,11086.0,-1.0137,15585,172,407,시장지수,KBSTAR,False,False,False
280930,4,KODEX 미국러셀2000(H),14275,5,-65,-0.45,,-4.2405,7626,108,400,업종/테마,KODEX,False,False,True
256440,4,KINDEX 인도네시아MSCI(합성),7770,5,-95,-1.21,,-2.2982,27369,214,396,업종/테마,KINDEX,False,False,False
356540,6,KINDEX KIS종합채권(AA-이상)액티브,99165,5,-105,-0.11,99231.0,1.1668,2,0,381,파생,KINDEX,False,False,False
244580,2,KODEX 바이오,14575,5,-95,-0.65,14746.0,-4.3677,109650,1606,373,시장지수,KODEX,False,False,False
304770,1,HANARO 코스닥150,14605,5,-180,-1.22,14733.0,1.1355,312,4,371,국내,HANARO,False,False,False
341850,7,TIGER KIS부동산인프라채권TR,5745,3,0,0.0,5768.0,4.3596,1908,10,371,해외,TIGER,False,False,False
310960,1,TIGER 200TR,22920,2,50,0.22,22927.0,-0.8025,511,11,367,국내,TIGER,False,False,False
359210,1,KODEX 코스피TR,14895,5,-85,-0.57,15008.0,0.6044,26,0,357,국내,KODEX,False,False,False
176950,6,KODEX 국채선물10년인버스,46280,2,10,0.02,46265.0,-2.188,171,7,350,파생,KODEX,True,False,False
279530,2,KODEX 고배당,9970,5,-25,-0.25,10001.0,-0.5671,13501,134,349,시장지수,KODEX,False,False,False
227540,2,TIGER 200 헬스케어,25170,5,-125,-0.49,25191.0,-2.8237,9253,233,347,시장지수,TIGER,False,False,False
269540,4,ARIRANG 미국S&P500(H),18035,5,-75,-0.41,,6.0304,11866,213,343,업종/테마,ARIRANG,False,False,True
276970,4,KODEX 미국S&P고배당커버드콜(합성 H),10240,2,5,0.05,,0.5995,10541,107,338,업종/테마,KODEX,False,False,True
114470,6,KOSEF 국고채3년,112330,5,-35,-0.03,112314.0,-0.0089,1246,139,337,파생,KOSEF,False,False,False
385600,2,네비게이터 친환경자동차밸류체인액티브,10855,5,-75,-0.69,10894.0,,71985,785,337,시장지수,네비게이터,False,False,False
272570,6,KBSTAR 중장기국공채액티브,103770,5,-140,-0.13,103738.0,0.2073,15,1,335,파생,KBSTAR,False,False,False
385590,2,네비게이터 ESG액티브,10045,5,-25,-0.25,10082.0,,147840,1486,331,시장지수,네비게이터,False,False,False
252420,3,KBSTAR 200선물인버스2X,1930,5,-5,-0.26,1931.0,-0.2578,221757,430,328,국내,KBSTAR,True,False,False
228790,2,TIGER 화장품,3780,3,0,0.0,3775.0,-2.8278,212594,800,325,시장지수,TIGER,False,False,False
203780,4,TIGER 미국나스닥바이오,21375,5,-170,-0.79,,6.2114,8365,178,321,업종/테마,TIGER,False,False,False
363570,6,KODEX 장기종합채권(AA-이상)액티브KAP,97855,3,0,0.0,98037.0,2.1344,0,0,320,파생,KODEX,False,False,False
169950,4,KODEX 중국본토 A50,21310,2,215,1.02,,-7.3969,24878,522,320,업종/테마,KODEX,False,False,False
137610,5,TIGER 농산물선물Enhanced(H),6460,5,-55,-0.84,,-1.9564,58559,378,317,국내,TIGER,False,False,True
138230,7,KOSEF 미국달러선물,12160,2,55,0.45,12159.0,3.5057,8507,103,316,해외,KOSEF,False,False,False
139270,2,TIGER 200 금융,7045,2,65,0.93,7070.0,-1.5099,43545,305,316,시장지수,TIGER,False,False,False
385720,1,TIMEFOLIO Kstock액티브,10175,5,-65,-0.63,10213.0,,9766,98,315,국내,TIMEFOLIO,False,False,False
276650,4,KBSTAR 글로벌4차산업IT(합성 H),23280,5,-305,-1.29,,7.3265,29188,678,314,업종/테마,KBSTAR,False,False,True
354500,1,KINDEX 코스닥150,14700,5,-225,-1.51,14717.0,1.1247,4536,66,309,국내,KINDEX,False,False,False
364990,2,TIGER KRX게임K-뉴딜,13250,5,-190,-1.41,13253.0,17.9982,103703,1385,305,시장지수,TIGER,False,False,False
114100,6,KBSTAR 국고채3년,112815,5,-75,-0.07,112809.0,-0.0089,63,7,305,파생,KBSTAR,False,False,False
332620,6,ARIRANG 미국장기우량회사채,103210,2,280,0.27,,9.5349,1097,113,304,파생,ARIRANG,False,False,False
200250,4,KOSEF 인도Nifty50(합성),16430,5,-145,-0.87,,11.6161,20946,344,304,업종/테마,KOSEF,False,False,False
217780,4,TIGER 차이나CSI300인버스(합성),7975,2,60,0.76,,1.1501,41596,335,303,업종/테마,TIGER,True,False,False
099140,4,KODEX China H,18890,2,65,0.35,,-12.6451,111543,2093,302,업종/테마,KODEX,False,False,False
266420,2,KODEX 헬스케어,18845,5,-190,-1.0,18978.0,-4.4668,21326,403,302,시장지수,KODEX,False,False,False
138910,5,KODEX 구리선물(H),8360,5,-55,-0.65,,1.2635,74041,620,301,국내,KODEX,False,False,True
292160,1,TIGER KRX300,19715,3,0,0.0,19739.0,-0.4394,2,0,296,국내,TIGER,False,False,False
152870,1,파워 200,44025,2,145,0.33,44045.0,-0.4357,44,1,286,국내,파워,False,False,False
287180,4,ARIRANG 미국나스닥기술주,23230,5,-70,-0.3,,7.3732,38057,881,279,업종/테마,ARIRANG,False,False,False
379780,4,KBSTAR 미국S&P500,11120,2,15,0.14,,8.9793,26556,295,278,업종/테마,KBSTAR,False,False,False
319640,4,TIGER 골드선물(H),13070,2,90,0.69,,0.4643,7234,94,274,업종/테마,TIGER,False,False,True
253250,3,KOSEF 200선물레버리지,25285,2,130,0.52,25258.0,-1.8533,130,3,273,국내,KOSEF,False,True,False
181480,7,KINDEX 미국다우존스리츠(합성 H),96795,2,20,0.02,,8.9379,3640,353,271,해외,KINDEX,False,False,True
385710,2,TIMEFOLIO BBIG액티브,11195,5,-100,-0.89,11196.0,,6590,73,269,시장지수,TIMEFOLIO,False,False,False
123320,3,TIGER 레버리지,26655,2,85,0.32,26677.0,-1.7745,65470,1731,267,국내,TIGER,False,True,False
227570,2,TIGER 우량가치,12975,2,55,0.43,12974.0,4.573,12981,168,265,시장지수,TIGER,False,False,False
261250,7,KODEX 미국달러선물레버리지,9655,2,75,0.78,9657.0,7.1588,125559,1210,265,해외,KODEX,False,True,False
213630,4,ARIRANG 미국다우존스고배당주(합성 H),15250,2,110,0.73,,-2.6367,3352,51,264,업종/테마,ARIRANG,False,False,True
277540,4,KINDEX S&P아시아TOP50,14530,5,-180,-1.22,,-8.9165,34334,496,262,업종/테마,KINDEX,False,False,False
139250,2,TIGER 200 에너지화학,21055,5,-20,-0.09,21117.0,-3.4851,1793,37,257,시장지수,TIGER,False,False,False
292500,1,SMART KRX300,19700,5,-40,-0.2,19789.0,-1.013,23691,466,256,국내,SMART,False,False,False
252400,3,KBSTAR 200선물레버리지,25445,5,-25,-0.1,25598.0,-1.8687,2244,56,254,국내,KBSTAR,False,True,False
117460,2,KODEX 에너지화학,20105,5,-105,-0.52,20173.0,-3.1532,10218,205,253,시장지수,KODEX,False,False,False
204450,4,KODEX China H 레버리지(H),4985,2,15,0.3,,-31.1635,1162499,5682,249,업종/테마,KODEX,False,True,True
140710,2,KODEX 운송,7035,5,-30,-0.42,7039.0,8.0275,27378,192,246,시장지수,KODEX,False,False,False
160580,5,TIGER 구리실물,10355,2,110,1.07,,0.0977,99416,1033,243,국내,TIGER,False,False,False
250780,3,TIGER 코스닥150선물인버스,4480,2,65,1.47,4477.0,-2.431,600005,2677,240,국내,TIGER,True,False,False
211900,2,KODEX 배당성장,15970,5,-60,-0.37,16039.0,1.2186,14729,237,240,시장지수,KODEX,False,False,False
252410,3,KBSTAR 200선물인버스,4875,2,15,0.31,4864.0,-0.2054,1997,9,239,국내,KBSTAR,True,False,False
266410,2,KODEX 필수소비재,9885,2,5,0.05,9898.0,-1.2,20957,206,237,시장지수,KODEX,False,False,False
285690,2,FOCUS ESG리더스,12095,5,-55,-0.45,12141.0,3.0621,181,2,236,시장지수,FOCUS,False,False,False
368680,2,KODEX Fn K-뉴딜디지털플러스,13605,5,-110,-0.8,13628.0,5.7848,17804,242,231,시장지수,KODEX,False,False,False
331910,2,KOSEF Fn중소형,26700,5,-150,-0.56,26674.0,2.6925,211,5,230,시장지수,KOSEF,False,False,False
138520,2,TIGER 삼성그룹펀더멘털,12700,2,105,0.83,12746.0,-0.6939,13919,176,229,시장지수,TIGER,False,False,False
332610,6,ARIRANG 미국단기우량회사채,98050,2,300,0.31,,3.7795,182,17,226,파생,ARIRANG,False,False,False
322410,2,HANARO 고배당,11255,2,40,0.36,11287.0,7.4233,2005,22,225,시장지수,HANARO,False,False,False
225130,4,KINDEX 골드선물 레버리지(합성 H),17250,2,215,1.26,,0.8286,11242,192,224,업종/테마,KINDEX,False,True,True
276990,4,KODEX 글로벌4차산업로보틱스(합성),17625,5,-85,-0.48,,0.8542,5404,95,224,업종/테마,KODEX,False,False,False
237370,7,KODEX 배당성장채권혼합,12125,5,-45,-0.37,12156.0,0.4125,33314,404,218,해외,KODEX,False,False,False
306950,3,KODEX KRX300레버리지,21825,2,65,0.3,21760.0,-1.96,4998,108,218,국내,KODEX,False,True,False
236350,4,TIGER 인도니프티50레버리지(합성),19830,5,-450,-2.22,,24.9922,5583,111,218,업종/테마,TIGER,False,True,False
390390,4,KODEX 미국반도체MV,9915,5,-100,-1.0,,,180190,1785,218,업종/테마,KODEX,False,False,False
225800,3,KOSEF 미국달러선물레버리지,9165,2,75,0.83,9189.0,6.9411,8011,73,214,국내,KOSEF,False,True,False
365040,1,TIGER AI코리아그로스액티브,14240,5,-10,-0.07,14303.0,0.0351,6755,95,214,국내,TIGER,False,False,False
337150,2,KODEX 200exTOP,14835,5,-100,-0.67,14922.0,0.8917,3,0,208,시장지수,KODEX,False,False,False
223190,2,KODEX 200가치저변동,11455,2,55,0.48,11455.0,-0.8006,1027,11,206,시장지수,KODEX,False,False,False
200030,4,KODEX 미국S&P산업재(합성),20850,2,90,0.43,,5.7026,1260,26,205,업종/테마,KODEX,False,False,False
218420,4,KODEX 미국S&P에너지(합성),6700,5,-35,-0.52,,7.76,10754,72,204,업종/테마,KODEX,False,False,False
143460,2,KINDEX 밸류대형,10170,2,60,0.59,10195.0,-1.7207,24,0,203,시장지수,KINDEX,False,False,False
304660,6,KODEX 미국채울트라30년선물(H),12670,2,95,0.76,,6.6581,9333,118,203,파생,KODEX,False,False,True
316670,1,KOSEF 코스닥150,7280,5,-150,-2.02,7334.0,0.4325,6276,46,201,국내,KOSEF,False,False,False
388280,2,KBSTAR Fn컨택트대표,9785,2,35,0.36,9778.0,,304893,2978,200,시장지수,KBSTAR,False,False,False
292730,1,FOCUS KRX300,19820,5,-10,-0.05,19836.0,-0.8253,1,0,198,국내,FOCUS,False,False,False
388420,2,KBSTAR 비메모리반도체액티브,10245,5,-105,-1.01,10254.0,,504024,5146,195,시장지수,KBSTAR,False,False,False
278620,6,ARIRANG 단기채권액티브,106035,5,-10,-0.01,106034.0,-0.0095,12386,1313,193,파생,ARIRANG,False,False,False
138530,2,TIGER LG그룹+펀더멘털,11890,2,65,0.55,11930.0,-5.1192,10846,128,193,시장지수,TIGER,False,False,False
289040,2,KODEX MSCI KOREA ESG유니버설,12770,5,-65,-0.51,12852.0,-1.2921,617,7,192,시장지수,KODEX,False,False,False
152380,6,KODEX 국채선물10년,70820,2,75,0.11,70830.0,2.0483,645,45,191,파생,KODEX,False,False,False
210780,2,TIGER 코스피고배당,14760,2,10,0.07,14814.0,4.005,6317,93,190,시장지수,TIGER,False,False,False
102960,2,KODEX 기계장비,6195,5,-5,-0.08,6206.0,9.0589,49968,309,188,시장지수,KODEX,False,False,False
360140,2,KODEX 200롱코스닥150숏선물,11650,2,130,1.13,11696.0,-2.8259,2973,34,186,시장지수,KODEX,False,False,False
300640,2,KBSTAR 게임테마,16500,5,-365,-2.16,16551.0,5.0844,37726,629,182,시장지수,KBSTAR,False,False,False
237350,1,KODEX 코스피100,32780,5,-15,-0.05,32983.0,-1.2645,623,20,180,국내,KODEX,False,False,False
292050,1,KBSTAR KRX300,19890,2,5,0.03,19902.0,-0.6049,33,0,179,국내,KBSTAR,False,False,False
211560,2,TIGER 배당성장,19840,5,-50,-0.25,19878.0,1.067,774,15,179,시장지수,TIGER,False,False,False
248270,4,TIGER S&P글로벌헬스케어(합성),17795,2,140,0.79,,9.0151,14597,259,178,업종/테마,TIGER,False,False,False
377990,2,TIGER Fn신재생에너지,10660,5,-15,-0.14,10674.0,1.1848,54391,579,176,시장지수,TIGER,False,False,False
304760,1,HANARO KRX300,19530,2,65,0.33,19543.0,-0.3992,60,1,176,국내,HANARO,False,False,False
230480,3,KOSEF 미국달러선물인버스2X,8200,5,-45,-0.55,8187.0,-7.3596,1186,9,174,국내,KOSEF,True,False,False
239660,6,ARIRANG 우량회사채50 1년,108570,5,-40,-0.04,108560.0,-0.0553,2415,262,174,파생,ARIRANG,False,False,False
280320,4,KINDEX 미국IT인터넷S&P(합성 H),21595,5,-205,-0.94,,7.3891,397,8,173,업종/테마,KINDEX,False,False,True
371130,4,KINDEX 블룸버그베트남VN30선물레버리지(H),19105,2,30,0.16,,23.6628,5573,104,172,업종/테마,KINDEX,False,True,True
140700,2,KODEX 보험,6565,2,70,1.08,6585.0,1.2944,115771,760,171,시장지수,KODEX,False,False,False
329660,7,KODEX TRF5050,12315,2,5,0.04,12292.0,4.4991,16049,197,160,해외,KODEX,False,False,False
245350,4,TIGER 유로스탁스배당30,13305,2,100,0.76,,4.1732,5774,76,160,업종/테마,TIGER,False,False,False
272910,6,KINDEX 중장기국공채액티브,101550,5,-105,-0.1,101543.0,0.6594,42,4,159,파생,KINDEX,False,False,False
139240,2,TIGER 200 철강소재,10545,2,5,0.05,10575.0,-3.2584,58322,616,158,시장지수,TIGER,False,False,False
367740,2,HANARO Fn5G산업,13560,5,-30,-0.22,13567.0,3.7642,5732,77,156,시장지수,HANARO,False,False,False
183700,7,KBSTAR 채권혼합,64370,5,-135,-0.21,64465.0,-0.4614,96,6,154,해외,KBSTAR,False,False,False
244670,2,KODEX 밸류Plus,10950,5,-45,-0.41,11007.0,2.4506,1578,17,153,시장지수,KODEX,False,False,False
122090,1,ARIRANG 코스피50,30050,2,60,0.2,30043.0,-0.9872,64,1,153,국내,ARIRANG,False,False,False
301400,1,ARIRANG 코스닥150,14570,5,-330,-2.21,14704.0,0.8596,1010675,14807,153,국내,ARIRANG,False,False,False
253150,3,ARIRANG 200선물레버리지,50865,2,215,0.42,50865.0,-1.784,486,24,153,국내,ARIRANG,False,True,False
307010,3,KBSTAR KRX300레버리지,21690,2,105,0.49,21614.0,-1.7524,20,0,152,국내,KBSTAR,False,True,False
241390,7,KBSTAR V&S셀렉트밸류채권혼합,12640,5,-20,-0.16,12670.0,0.9166,9100,115,152,해외,KBSTAR,False,False,False
284430,6,KODEX 200미국채혼합,13525,5,-35,-0.26,13560.0,3.5905,9111,123,151,파생,KODEX,False,False,False
253160,3,ARIRANG 200선물인버스2X,3865,5,-15,-0.39,3862.0,0.0,52076,202,151,국내,ARIRANG,True,False,False
182490,6,TIGER 단기선진하이일드(합성 H),12500,5,-25,-0.2,,0.8454,779,9,150,파생,TIGER,False,False,True
251590,2,ARIRANG 고배당저변동50,11480,2,10,0.09,11519.0,1.6573,4551,52,149,시장지수,ARIRANG,False,False,False
243890,2,TIGER 200에너지화학레버리지,22910,2,35,0.15,22994.0,-8.6097,7883,180,149,시장지수,TIGER,False,True,False
225050,4,TIGER 유로스탁스레버리지(합성 H),9895,5,-35,-0.35,,3.0082,3344,32,148,업종/테마,TIGER,False,True,True
140950,1,파워 코스피100,33045,2,35,0.11,33097.0,-0.7428,46,1,145,국내,파워,False,False,False
276000,4,TIGER 글로벌자원생산기업(합성 H),13195,5,-35,-0.26,,-0.8246,4355,57,145,업종/테마,TIGER,False,False,True
365780,6,KINDEX 국고채10년,98645,2,35,0.04,98676.0,2.0121,564,55,145,파생,KINDEX,False,False,False
238720,4,KINDEX 일본Nikkei225(H),18015,5,-310,-1.69,,-3.9571,416,7,144,업종/테마,KINDEX,False,False,True
361590,2,KBSTAR 코스피ex200,15040,5,-25,-0.17,15025.0,6.0318,11,0,143,시장지수,KBSTAR,False,False,False
229720,1,KODEX KTOP30,23750,2,10,0.04,23829.0,0.6273,310,7,143,국내,KODEX,False,False,False
269420,4,KODEX S&P글로벌인프라(합성),11970,2,80,0.67,,2.8991,4495,53,140,업종/테마,KODEX,False,False,False
241180,4,TIGER 일본니케이225,17145,5,-95,-0.55,,-2.3783,605,10,137,업종/테마,TIGER,False,False,False
244620,2,KODEX 모멘텀Plus,13610,5,-110,-0.8,13610.0,4.2315,4600,62,136,시장지수,KODEX,False,False,False
375760,2,HANARO 탄소효율그린뉴딜,10315,2,5,0.05,10316.0,-0.4346,8239,84,134,시장지수,HANARO,False,False,False
329670,7,KODEX TRF7030,13220,5,-10,-0.08,13191.0,6.1797,220,2,132,해외,KODEX,False,False,False
227830,1,ARIRANG 코스피,32925,2,15,0.05,32966.0,0.8395,70,2,132,국내,ARIRANG,False,False,False
275290,2,KODEX MSCI밸류,13135,5,-85,-0.64,13237.0,-2.5649,39,0,131,시장지수,KODEX,False,False,False
352560,7,KODEX 다우존스미국리츠(H),14515,2,105,0.73,,8.509,1997,28,131,해외,KODEX,False,False,True
308620,6,KODEX 미국채10년선물,11845,2,80,0.68,,5.6104,8698,102,130,파생,KODEX,False,False,False
104520,2,KOSEF 블루칩,10760,5,-15,-0.14,10778.0,1.0882,437,4,129,시장지수,KOSEF,False,False,False
390400,4,KODEX 미국스마트모빌리티S&P,9135,5,-205,-2.19,,,47743,435,128,업종/테마,KODEX,False,False,False
252000,1,TIGER 200동일가중,13430,5,-45,-0.33,13489.0,3.8135,19,0,128,국내,TIGER,False,False,False
279540,2,KODEX 최소변동성,12700,5,-25,-0.2,12745.0,0.2995,61,0,127,시장지수,KODEX,False,False,False
261070,2,TIGER 코스닥150바이오테크,12510,5,-195,-1.53,12668.0,-7.229,12676,159,125,시장지수,TIGER,False,False,False
270800,2,KBSTAR KQ고배당,16620,5,-180,-1.07,16623.0,3.3909,2635,43,125,시장지수,KBSTAR,False,False,False
322130,2,KINDEX 스마트로우볼,17790,2,10,0.06,17823.0,0.469,21,0,125,시장지수,KINDEX,False,False,False
253290,7,KBSTAR 헬스케어채권혼합,12420,5,-50,-0.4,12421.0,-0.7561,10769,133,124,해외,KBSTAR,False,False,False
153270,1,KOSEF 코스피100,32520,2,55,0.17,32504.0,-1.3642,126,4,124,국내,KOSEF,False,False,False
251600,7,ARIRANG 고배당주채권혼합,11175,2,20,0.18,11195.0,0.6314,4593,51,123,해외,ARIRANG,False,False,False
360150,2,KODEX 코스닥150롱코스피200숏선물,8130,5,-130,-1.57,8113.0,1.3496,4110,33,122,시장지수,KODEX,False,False,False
100910,1,KOSEF KRX100,6765,5,-5,-0.07,6779.0,-1.0813,81,0,122,국내,KOSEF,False,False,False
337120,2,KODEX Fn멀티팩터,15150,5,-10,-0.07,15162.0,-1.0574,1002,15,121,시장지수,KODEX,False,False,False
219900,4,KINDEX 중국본토CSI300레버리지(합성),4990,5,-165,-3.2,,-4.0038,106635,529,120,업종/테마,KINDEX,False,True,False
292750,1,ARIRANG KRX300,19710,2,10,0.05,19718.0,-0.7107,23,0,118,국내,ARIRANG,False,False,False
381560,2,HANARO Fn전기&수소차,10655,5,-15,-0.14,10654.0,-0.2804,80495,856,117,시장지수,HANARO,False,False,False
322120,2,KINDEX 스마트퀄리티,19400,5,-105,-0.54,19473.0,-0.5406,366,7,116,시장지수,KINDEX,False,False,False
248260,4,TIGER 일본TOPIX헬스케어(합성),11500,5,-5,-0.04,,2.4032,1202,13,115,업종/테마,TIGER,False,False,False
139660,7,KOSEF 미국달러선물인버스,10335,5,-40,-0.39,10329.0,-3.7123,28,0,115,해외,KOSEF,True,False,False
244660,2,KODEX 퀄리티Plus,11440,5,-40,-0.35,11487.0,1.9538,860,9,114,시장지수,KODEX,False,False,False
300950,2,KODEX 게임산업,14220,5,-230,-1.59,14279.0,5.2133,9225,132,114,시장지수,KODEX,False,False,False
168300,1,KTOP 코스피50,30235,2,65,0.22,30353.0,-1.231,120,3,113,국내,KTOP,False,False,False
285000,2,KBSTAR 200IT,17135,5,-75,-0.44,17185.0,-3.9996,248,4,113,시장지수,KBSTAR,False,False,False
310080,4,KBSTAR 중국MSCI China(H),11835,5,-155,-1.29,,-16.8516,22979,269,112,업종/테마,KBSTAR,False,False,True
364690,1,KODEX 혁신기술테마액티브,14045,5,-45,-0.32,14109.0,1.6374,455,6,112,국내,KODEX,False,False,False
208470,4,SMART 선진국MSCI World(합성 H),18615,5,-75,-0.4,,3.9777,65,1,112,업종/테마,SMART,False,False,True
152500,3,KINDEX 레버리지,11120,2,55,0.5,11102.0,-1.7318,11551,127,111,국내,KINDEX,False,True,False
195920,4,TIGER 일본TOPIX(합성 H),15750,5,-190,-1.19,,1.2706,183130,2885,110,업종/테마,TIGER,False,False,True
277650,2,TIGER 코스피중형주,18235,5,-5,-0.03,18300.0,5.403,48314,880,109,시장지수,TIGER,False,False,False
108590,1,TREX 200,43690,2,105,0.24,43707.0,-0.062,35,1,109,국내,TREX,False,False,False
316300,7,KINDEX 싱가포르리츠,12130,5,-20,-0.16,,2.7484,2899,35,109,해외,KINDEX,False,False,False
352540,7,KODEX TSE일본리츠(H),13605,2,130,0.96,,5.4794,1713,23,109,해외,KODEX,False,False,True
265690,4,KINDEX 러시아MSCI(합성),30305,2,65,0.21,,12.8147,1425,43,106,업종/테마,KINDEX,False,False,False
145850,2,TREX 펀더멘탈 200,42320,2,10,0.02,42492.0,-1.1865,300,12,106,시장지수,TREX,False,False,False
271060,5,KODEX 3대농산물선물(H),10935,2,25,0.23,,-8.2037,11674,127,105,국내,KODEX,False,False,True
105780,2,KBSTAR 5대그룹주,8600,5,-5,-0.06,8613.0,-1.9262,2783,23,103,시장지수,KBSTAR,False,False,False
277640,2,TIGER 코스피대형주,15730,5,-50,-0.32,15843.0,-0.9914,232,3,102,시장지수,TIGER,False,False,False
196030,4,KINDEX 일본TOPIX레버리지(H),20395,5,-295,-1.43,,2.1224,1448,29,102,업종/테마,KINDEX,False,True,True
342140,7,KINDEX 모닝스타싱가포르리츠채권혼합,10105,2,30,0.3,,1.0025,3173,32,101,해외,KINDEX,False,False,False
185680,4,KODEX 미국S&P바이오(합성),31075,5,-235,-0.75,,-6.8155,1749,54,101,업종/테마,KODEX,False,False,False
226380,2,KINDEX Fn성장소비주도주,8310,5,-45,-0.54,8314.0,8.9308,1304,10,100,시장지수,KINDEX,False,False,False
253230,3,KOSEF 200선물인버스2X,1920,3,0,0.0,1917.0,-0.5182,58193,112,99,국내,KOSEF,True,False,False
272230,2,KINDEX 스마트밸류,16395,5,-15,-0.09,16420.0,0.3853,21,0,98,시장지수,KINDEX,False,False,False
205720,4,KINDEX 일본TOPIX인버스(합성 H),4440,2,30,0.68,,-2.2173,6498,28,98,업종/테마,KINDEX,True,False,True
101280,4,KODEX 일본TOPIX100,16245,2,45,0.28,,3.8128,917,14,97,업종/테마,KODEX,False,False,False
375270,7,KBSTAR 글로벌데이터센터리츠나스닥(합성),12085,2,60,0.5,,8.7251,1378,16,97,해외,KBSTAR,False,False,False
289250,2,TIGER MSCI KOREA ESG유니버설,12865,5,-25,-0.19,12904.0,-1.3697,696,8,96,시장지수,TIGER,False,False,False
322150,2,KINDEX 스마트하이베타,15815,3,0,0.0,15842.0,-0.2083,21,0,95,시장지수,KINDEX,False,False,False
266390,2,KODEX 경기소비재,13550,3,0,0.0,13597.0,6.7433,2236,30,95,시장지수,KODEX,False,False,False
137930,3,마이다스 200커버드콜5%OTM,15665,3,0,0.0,15689.0,0.6101,0,0,94,국내,마이다스,False,False,False
167860,6,KOSEF 국고채10년레버리지,133775,5,-110,-0.08,134007.0,4.0691,134,17,94,파생,KOSEF,False,True,False
261120,7,TIGER 미국달러선물인버스2X,9225,5,-120,-1.28,9256.0,-7.2457,31,0,92,해외,TIGER,True,False,False
272220,2,KINDEX 스마트모멘텀,18385,5,-20,-0.11,18415.0,-0.271,24,0,92,시장지수,KINDEX,False,False,False
225030,4,TIGER 미국S&P500선물인버스(H),3815,2,15,0.39,,-5.8241,42150,160,92,업종/테마,TIGER,True,False,True
226980,1,KODEX 200 중소형,15220,5,-35,-0.23,15218.0,7.8549,7168,109,91,국내,KODEX,False,False,False
159800,1,마이티 코스피100,32565,5,-10,-0.03,32608.0,-0.81,2,0,91,국내,마이티,False,False,False
131890,2,KINDEX 삼성그룹동일가중,18080,5,-5,-0.03,18149.0,4.3084,59,1,90,시장지수,KINDEX,False,False,False
275300,2,KODEX MSCI퀄리티,11300,5,-105,-0.92,11307.0,6.1127,101,1,90,시장지수,KODEX,False,False,False
183710,7,KBSTAR 주식혼합,45195,5,-290,-0.64,45326.0,-0.2304,2,0,90,해외,KBSTAR,False,False,False
271050,5,KODEX WTI원유선물인버스(H),8400,3,0,0.0,,-15.6627,14485,121,90,국내,KODEX,True,False,True
189400,4,ARIRANG 글로벌MSCI(합성 H),17530,5,-125,-0.71,,3.6395,719,12,89,업종/테마,ARIRANG,False,False,True
251890,1,KINDEX 코스닥(합성),14815,5,-200,-1.33,14864.0,2.282,11,0,89,국내,KINDEX,False,False,False
381570,2,HANARO Fn친환경에너지,10350,5,-55,-0.53,10354.0,-1.3745,20131,208,88,시장지수,HANARO,False,False,False
174350,2,TIGER 로우볼,12550,2,75,0.6,12555.0,3.7767,1153,14,85,시장지수,TIGER,False,False,False
105010,4,TIGER 라틴35,3710,5,-15,-0.4,,13.2218,18770,69,85,업종/테마,TIGER,False,False,False
315270,2,TIGER 200커뮤니케이션서비스,35295,2,50,0.14,35350.0,9.3003,261,9,85,시장지수,TIGER,False,False,False
333970,2,ARIRANG KS밸류가중TR,16905,2,25,0.15,16944.0,0.8363,21,0,85,시장지수,ARIRANG,False,False,False
256450,4,ARIRANG 심천차이넥스트(합성),14075,5,-240,-1.68,,14.2914,6157,85,84,업종/테마,ARIRANG,False,False,False
261140,2,TIGER 우선주,14560,5,-90,-0.61,14615.0,-2.3789,693,10,84,시장지수,TIGER,False,False,False
275280,2,KODEX MSCI모멘텀,14060,5,-130,-0.92,14157.0,-0.2601,4,0,84,시장지수,KODEX,False,False,False
138920,5,KODEX 콩선물(H),11980,5,-90,-0.75,,-5.6294,4939,59,84,국내,KODEX,False,False,True
104530,2,KOSEF 고배당,9285,2,50,0.54,9285.0,6.9113,1406,13,84,시장지수,KOSEF,False,False,False
307510,2,TIGER 의료기기,20815,5,-330,-1.56,20896.0,-3.9039,3571,74,83,시장지수,TIGER,False,False,False
228820,1,TIGER KTOP30,11775,5,-10,-0.08,11825.0,0.9508,493,5,82,국내,TIGER,False,False,False
234310,2,KBSTAR V&S셀렉트밸류,16390,5,-5,-0.03,16442.0,2.4623,115,1,82,시장지수,KBSTAR,False,False,False
394350,4,KOSEF 릭소글로벌퓨처모빌리티MSCI,10240,5,-140,-1.35,,,1540,15,82,업종/테마,KOSEF,False,False,False
305050,1,KINDEX 코스피,32710,5,-40,-0.12,32754.0,0.8778,65,2,82,국내,KINDEX,False,False,False
394340,4,KOSEF 릭소글로벌디지털경제MSCI,10200,5,-70,-0.68,,,1820,18,82,업종/테마,KOSEF,False,False,False
368470,2,KINDEX Fn K-뉴딜디지털플러스,16285,5,-120,-0.73,16279.0,5.5662,328,5,81,시장지수,KINDEX,False,False,False
291630,3,KOSEF 코스닥150선물레버리지,6720,5,-175,-2.54,6717.0,1.997,11014,74,81,국내,KOSEF,False,True,False
319870,2,KBSTAR KRX300미국달러선물혼합,16260,2,70,0.43,16243.0,2.5982,114,1,81,시장지수,KBSTAR,False,False,False
291130,4,KINDEX 멕시코MSCI(합성),10090,2,115,1.15,,6.5705,491,4,81,업종/테마,KINDEX,False,False,False
225060,4,TIGER 이머징마켓MSCI레버리지(합성 H),13435,5,-180,-1.32,,-14.4249,1478,19,81,업종/테마,TIGER,False,True,True
237440,7,TIGER 경기방어채권혼합,9990,5,-25,-0.25,10010.0,-0.3483,3014,30,80,해외,TIGER,False,False,False
227550,2,TIGER 200 산업재,7490,2,25,0.33,7494.0,8.8192,15122,113,79,시장지수,TIGER,False,False,False
166400,3,TIGER 200커버드콜5%OTM,15850,5,-35,-0.22,15943.0,-0.063,6,0,79,국내,TIGER,False,False,False
354240,7,KBSTAR 미국고정배당우선증권ICE TR,10565,2,15,0.14,,4.6626,4924,51,79,해외,KBSTAR,False,False,False
252650,1,KODEX 200동일가중,13190,5,-60,-0.45,13242.0,3.6046,3,0,79,국내,KODEX,False,False,False
379790,4,KBSTAR 유로스탁스50(H),10410,5,-20,-0.19,,2.6574,2624,27,78,업종/테마,KBSTAR,False,False,True
252730,2,KBSTAR 모멘텀로우볼,17285,2,95,0.55,17286.0,1.0106,13,0,78,시장지수,KBSTAR,False,False,False
139320,5,TIGER 금은선물(H),9625,2,30,0.31,,0.0521,5358,51,77,국내,TIGER,False,False,True
192720,2,파워 고배당저변동성,32050,2,230,0.72,32193.0,5.124,10434,335,77,시장지수,파워,False,False,False
139290,2,TIGER 200 경기소비재,19130,5,-70,-0.36,19204.0,3.0374,736,14,77,시장지수,TIGER,False,False,False
333960,2,ARIRANG KS모멘텀가중TR,16920,5,-40,-0.24,16922.0,1.3142,27,0,76,시장지수,ARIRANG,False,False,False
307520,2,TIGER 지주회사,12535,3,0,0.0,12569.0,1.5308,2377,29,75,시장지수,TIGER,False,False,False
380340,2,KINDEX Fn5G플러스,9375,5,-95,-1.0,9364.0,0.5307,50933,478,75,시장지수,KINDEX,False,False,False
373490,2,KODEX K-이노베이션액티브,11410,5,-85,-0.74,11462.0,-1.1863,5009,57,74,시장지수,KODEX,False,False,False
098560,2,TIGER 방송통신,10280,2,20,0.19,10312.0,12.2292,15644,160,74,시장지수,TIGER,False,False,False
391670,1,HK 베스트일레븐액티브,9795,3,0,0.0,9796.0,,2652,25,73,국내,HK,False,False,False
391680,1,HK 하이볼액티브,9760,5,-10,-0.1,9774.0,,3499,34,73,국내,HK,False,False,False
314700,2,HANARO 농업융복합산업,13300,2,50,0.38,13299.0,1.1991,1319,17,73,시장지수,HANARO,False,False,False
147970,2,TIGER 모멘텀,26090,5,-30,-0.11,26106.0,0.6202,2352,61,73,시장지수,TIGER,False,False,False
298340,6,ARIRANG 국채선물3년,53495,5,-25,-0.05,53484.0,-0.14,9,0,73,파생,ARIRANG,False,False,False
292560,7,TIGER 일본엔선물,10355,2,55,0.53,10381.0,1.7283,2446,25,72,해외,TIGER,False,False,False
281990,2,KBSTAR 중소형고배당,12720,3,0,0.0,12718.0,2.4484,10614,135,70,시장지수,KBSTAR,False,False,False
302170,6,TIGER 국채선물3년인버스,49795,3,0,0.0,49877.0,0.0301,0,0,70,파생,TIGER,True,False,False
373790,4,KOSEF 미국방어배당성장나스닥,11610,2,65,0.56,,6.3565,431,5,70,업종/테마,KOSEF,False,False,False
117690,4,TIGER 차이나항셍25,15460,2,50,0.32,,-10.3288,11330,174,70,업종/테마,TIGER,False,False,False
300610,2,TIGER K게임,13870,5,-260,-1.84,13868.0,3.5164,5509,76,69,시장지수,TIGER,False,False,False
238670,7,ARIRANG 스마트베타Quality채권혼합,11480,5,-25,-0.22,11494.0,1.0984,26,0,69,해외,ARIRANG,False,False,False
289480,2,TIGER 200커버드콜ATM,11465,5,-25,-0.22,11515.0,1.8165,2,0,69,시장지수,TIGER,False,False,False
373530,4,ARIRANG 신흥국MSCI인버스(합성 H),9490,2,65,0.69,,5.1897,1343,12,68,업종/테마,ARIRANG,True,False,True
261110,7,TIGER 미국달러선물레버리지,9745,2,60,0.62,9748.0,7.6111,1599,15,68,해외,TIGER,False,True,False
368200,2,KBSTAR Fn K-뉴딜디지털플러스,13630,5,-30,-0.22,13629.0,5.6539,1935,26,68,시장지수,KBSTAR,False,False,False
306530,3,HANARO 코스닥150선물레버리지,13565,5,-325,-2.34,13564.0,1.5722,792,10,68,국내,HANARO,False,True,False
301440,2,ARIRANG 코스피중형주,13455,2,5,0.04,13438.0,5.9639,23,0,67,시장지수,ARIRANG,False,False,False
376250,2,ARIRANG 탄소효율그린뉴딜,10280,5,-30,-0.29,10312.0,-0.1453,538,5,67,시장지수,ARIRANG,False,False,False
292340,2,마이티 200커버드콜ATM레버리지,11060,5,-70,-0.63,11147.0,3.6795,207,2,66,시장지수,마이티,False,True,False
315480,2,KBSTAR 200커뮤니케이션서비스,21870,5,-25,-0.11,21935.0,9.4421,258,5,66,시장지수,KBSTAR,False,False,False
261060,2,TIGER 코스닥150IT,16980,5,-230,-1.34,17036.0,-1.8982,18190,309,65,시장지수,TIGER,False,False,False
333940,2,ARIRANG KS로우볼가중TR,14330,2,55,0.39,14328.0,0.5635,22,0,64,시장지수,ARIRANG,False,False,False
145670,3,KINDEX 인버스,4605,2,10,0.22,4605.0,-0.4334,15312,70,64,국내,KINDEX,True,False,False
253280,2,KBSTAR 헬스케어,16095,5,-150,-0.92,16138.0,-2.4559,4740,76,64,시장지수,KBSTAR,False,False,False
289670,6,ARIRANG 국채선물10년,57290,2,5,0.01,57342.0,2.0668,18,1,64,파생,ARIRANG,False,False,False
346000,6,HANARO KAP초장기국고채,47890,5,-20,-0.04,47908.0,3.7507,61,2,63,파생,HANARO,False,False,False
195970,4,ARIRANG 선진국MSCI(합성 H),12145,5,-80,-0.65,,1.1584,7934,96,63,업종/테마,ARIRANG,False,False,True
342600,6,KBSTAR KRX국채선물3년10년스티프너2X,51515,5,-130,-0.25,51498.0,-1.5818,6,0,62,파생,KBSTAR,False,False,False
342500,6,KBSTAR KRX국채선물3년10년스티프너,51005,5,-70,-0.14,50979.0,-0.7386,6,0,61,파생,KBSTAR,False,False,False
215620,2,흥국 S&P코리아로우볼,12660,5,-15,-0.12,12739.0,4.9776,196,2,61,시장지수,흥국,False,False,False
334690,5,KBSTAR 팔라듐선물(H),15095,5,-65,-0.43,,-10.876,1900,28,60,국내,KBSTAR,False,False,True
176710,6,파워 중기국고채,100365,5,-30,-0.03,100340.0,-0.0638,1,0,60,파생,파워,False,False,False
342610,6,KBSTAR KRX국채선물3년10년플래트너,49935,2,70,0.14,49926.0,0.8086,6,0,60,파생,KBSTAR,False,False,False
213610,2,KODEX 삼성그룹밸류,9895,2,10,0.1,9932.0,2.4989,16330,161,59,시장지수,KODEX,False,False,False
342620,6,KBSTAR KRX국채선물3년10년플래트너2X,49270,2,90,0.18,49307.0,1.3916,6,0,59,파생,KBSTAR,False,False,False
267440,4,KBSTAR 미국장기국채선물(H),11815,2,40,0.34,,4.7597,84,0,59,업종/테마,KBSTAR,False,False,True
290080,2,KBSTAR 200고배당커버드콜ATM,8375,2,80,0.96,8364.0,6.3461,45,0,59,시장지수,KBSTAR,False,False,False
217790,2,TIGER 가격조정,26505,5,-295,-1.1,26510.0,-1.2746,45,1,58,시장지수,TIGER,False,False,False
269530,4,ARIRANG S&P글로벌인프라,11560,2,20,0.17,,3.0357,41,0,58,업종/테마,ARIRANG,False,False,False
304670,4,KODEX 미국채울트라30년선물인버스(H),7225,5,-55,-0.76,,-6.8459,24841,180,58,업종/테마,KODEX,True,False,True
302180,6,TIGER 국채선물10년인버스,47645,3,0,0.0,47564.0,-2.0356,0,0,57,파생,TIGER,True,False,False
261260,7,KODEX 미국달러선물인버스2X,9300,5,-65,-0.69,9302.0,-7.369,15828,146,56,해외,KODEX,True,False,False
291680,4,KBSTAR 차이나H선물인버스(H),11015,5,-10,-0.09,,17.7884,2090,23,55,업종/테마,KBSTAR,True,False,True
321410,7,KODEX 멀티에셋하이인컴(H),10990,2,110,1.01,,2.7869,66,0,55,해외,KODEX,False,False,True
140570,2,KBSTAR 수출주,13690,5,-80,-0.58,13745.0,2.8763,116,1,55,시장지수,KBSTAR,False,False,False
333950,2,ARIRANG KS로우사이즈가중TR,18095,3,0,0.0,18088.0,3.4887,20,0,54,시장지수,ARIRANG,False,False,False
269370,4,TIGER S&P글로벌인프라(합성),10800,2,110,1.03,,2.3456,943,10,54,업종/테마,TIGER,False,False,False
285010,2,KBSTAR 200중공업,11700,2,20,0.17,11700.0,9.0569,2621,30,54,시장지수,KBSTAR,False,False,False
371150,4,KBSTAR 차이나항셍테크,8240,2,35,0.43,,-22.5944,171542,1403,54,업종/테마,KBSTAR,False,False,False
157500,2,TIGER 증권,4830,5,-5,-0.1,4843.0,-7.2867,5917,28,53,시장지수,TIGER,False,False,False
250730,4,KBSTAR 차이나HSCEI(H),10380,5,-20,-0.19,,-17.0985,64782,664,52,업종/테마,KBSTAR,False,False,True
261920,4,KINDEX 필리핀MSCI(합성),12775,5,-95,-0.74,,2.6725,986,12,51,업종/테마,KINDEX,False,False,False
292770,6,KODEX 국채선물3년인버스,49770,3,0,0.0,49813.0,0.1408,0,0,51,파생,KODEX,True,False,False
220130,4,SMART 중국본토 중소형 CSI500(합성 H),5615,5,-185,-3.19,,8.3099,7633,42,51,업종/테마,SMART,False,False,True
280920,2,ARIRANG 주도업종,12535,5,-15,-0.12,12522.0,3.2327,2358,29,50,시장지수,ARIRANG,False,False,False
299080,6,KINDEX 국채선물3년인버스,99560,3,0,0.0,99614.0,0.2365,0,0,50,파생,KINDEX,True,False,False
261270,7,KODEX 미국달러선물인버스,9910,5,-30,-0.3,9915.0,-3.7289,2400,23,50,해외,KODEX,True,False,False
278420,2,ARIRANG ESG우수기업,9895,5,-35,-0.35,9926.0,3.675,1481,14,49,시장지수,ARIRANG,False,False,False
139310,5,TIGER 금속선물(H),6995,5,-50,-0.71,,3.7555,10484,73,49,국내,TIGER,False,False,True
266550,2,ARIRANG 중형주저변동50,12215,5,-5,-0.04,12224.0,3.2356,414,5,49,시장지수,ARIRANG,False,False,False
295820,1,ARIRANG 200동일가중,12175,5,-10,-0.08,12171.0,3.4555,225,2,49,국내,ARIRANG,False,False,False
301410,3,ARIRANG 코스닥150선물인버스,6920,2,90,1.32,6912.0,-2.2191,19239,132,48,국내,ARIRANG,True,False,False
309210,2,ARIRANG KRX300헬스케어,13175,5,-125,-0.94,13251.0,-3.693,1338,17,47,시장지수,ARIRANG,False,False,False
299070,6,KINDEX 국채선물10년인버스,94010,3,0,0.0,93839.0,-1.9555,0,0,47,파생,KINDEX,True,False,False
287300,2,KBSTAR 200건설,13665,2,80,0.59,13668.0,3.253,4471,60,46,시장지수,KBSTAR,False,False,False
275750,1,KBSTAR 코스닥150선물인버스,4610,2,65,1.43,4607.0,-2.6767,11366,52,46,국내,KBSTAR,True,False,False
296710,2,KODEX FnKorea50,11290,5,-45,-0.4,11338.0,-0.1586,32,0,45,시장지수,KODEX,False,False,False
291660,4,KODEX China H선물인버스(H),11220,2,25,0.22,,17.9662,20768,234,45,업종/테마,KODEX,True,False,True
280940,4,KODEX 골드선물인버스(H),7235,5,-30,-0.41,,-1.4247,1993,14,43,업종/테마,KODEX,True,False,True
291620,3,KOSEF 코스닥150선물인버스,7940,2,110,1.4,7928.0,-2.2472,3655,28,42,국내,KOSEF,True,False,False
227560,2,TIGER 200 생활소비재,11650,2,15,0.13,11659.0,-1.1974,3865,44,42,시장지수,TIGER,False,False,False
267490,4,KBSTAR 미국장기국채선물레버리지(합성 H),13900,3,0,0.0,,14.876,125,1,42,업종/테마,KBSTAR,False,True,True
217770,4,TIGER 원유선물인버스(H),5850,2,10,0.17,,-16.6905,2653,15,41,업종/테마,TIGER,True,False,True
333980,2,ARIRANG KS퀄리티가중TR,16325,5,-10,-0.06,16321.0,1.0829,36,0,41,시장지수,ARIRANG,False,False,False
371870,4,KINDEX 차이나항셍테크,8160,2,70,0.87,,-22.7317,99277,804,41,업종/테마,KINDEX,False,False,False
253240,3,KOSEF 200선물인버스,4870,5,-15,-0.31,4867.0,0.2051,11489,55,40,국내,KOSEF,True,False,False
140580,2,KBSTAR 우량업종,13265,2,10,0.08,13253.0,4.37,32,0,40,시장지수,KBSTAR,False,False,False
295020,6,KBSTAR 국채선물10년인버스,46850,5,-50,-0.11,46825.0,-2.0468,5,0,39,파생,KBSTAR,True,False,False
267450,4,KBSTAR 미국장기국채선물인버스(H),7845,5,-40,-0.51,,-5.2284,2232,17,39,업종/테마,KBSTAR,True,False,True
284980,2,KBSTAR 200금융,8935,2,85,0.96,8973.0,-1.6339,4356,38,32,시장지수,KBSTAR,False,False,False
211260,2,KINDEX 배당성장,39850,5,-90,-0.23,39911.0,0.7466,228,9,32,시장지수,KINDEX,False,False,False
252720,2,KBSTAR 모멘텀밸류,15420,2,70,0.46,15422.0,-1.9921,20,0,31,시장지수,KBSTAR,False,False,False
284990,2,KBSTAR 200에너지화학,13995,5,-20,-0.14,14035.0,-3.571,855,11,31,시장지수,KBSTAR,False,False,False
291890,4,KODEX MSCI EM선물(H),10060,5,-55,-0.54,,-7.2444,234,2,30,업종/테마,KODEX,False,False,True
295000,6,KBSTAR 국채선물10년,56415,2,60,0.11,56413.0,2.0646,57,3,29,파생,KBSTAR,False,False,False
285020,2,KBSTAR 200철강소재,10180,2,5,0.05,10204.0,-3.0953,1658,16,29,시장지수,KBSTAR,False,False,False
267500,4,KBSTAR 미국장기국채선물인버스2X(합성 H),5790,5,-60,-1.03,,-11.8976,6161,35,26,업종/테마,KBSTAR,True,False,True
287330,2,KBSTAR 200생활소비재,8880,2,30,0.34,8890.0,-1.7213,2235,19,21,시장지수,KBSTAR,False,False,False
334700,5,KBSTAR 팔라듐선물인버스(H),4545,2,75,1.68,,5.1764,1855,8,18,국내,KBSTAR,True,False,True
287310,2,KBSTAR 200경기소비재,11835,5,-80,-0.67,11871.0,3.1691,323,3,17,시장지수,KBSTAR,False,False,False
287320,2,KBSTAR 200산업재,13370,2,30,0.22,13371.0,9.1653,3382,45,16,시장지수,KBSTAR,False,False,False
