종목명,현재가,전일비,등락률,매수호가,매도호가,거래량,거래대금,전일거래량,조회일자,종목명_전처리,종목코드,시가총액,시가총액순위,상장주식수,액면가l매매단위,외국인한도주식수(A),외국인보유주식수(B),외국인소진율(B/A),투자의견l목표주가,52주최고l최저,PERlEPS(2020.12),추정PERlEPS,PBRlBPS (2020.12),배당수익률,동일업종 PER,동일업종 등락률,매출액,영업이익,당기순이익,영업이익률,순이익률,ROE(지배주주),부채비율,당좌비율,유보율,EPS(원),PER(배),BPS(원),PBR(배),주당배당금(원),시가배당률(%),배당성향(%),PERlEPS(2021.03),PBRlBPS (2021.03),배당수익률l2020.12,PERlEPS(2021.05),PBRlBPS (2021.05),배당수익률l2020.11,PERlEPS(2020.06),PBRlBPS (2020.06)
국전약품 *,9010.0,820.0,+10.01%,8190.0,8200.0,4411311.0,38181.0,37992088.0,2021-07-30,국전약품,307750,"4,554  억원",코스닥 208위,49069269,100원  l  1주,49069269,51114,0.10%,N/A  l  N/A,"12,866  l  2,234",N/A  l  -80원,N/A  l  N/A,11.53배  l  805원,,104.30배,-1.39%,,,,,,,,,,,,,,,,,,,,,,,,
큐라클 *,39950.0,3300.0,+9.00%,37200.0,37250.0,1704769.0,67542.0,9039645.0,2021-07-30,큐라클,365270,"5,095  억원",코스닥 176위,13355968,500원  l  1주,13355968,87019,0.65%,N/A  l  N/A,"39,600  l  28,500","N/A  l  -2,624원",N/A  l  N/A,45.31배  l  842원,,104.30배,-1.36%,,,,,,,,,,,,,,,,,,,,,,,,
대웅제약,173500.0,5500.0,+3.27%,169500.0,170000.0,48820.0,8464.0,140684.0,2021-07-30,대웅제약,069620,"1조  9,813  억원",코스피 151위,11586575,"2,500원  l  1주",11586575,610972,5.27%,"3.86매수  l  201,429","286,500  l  88,200",,N/A  l  N/A,,,104.30배,-1.36%,,,,,,,,,,,,,,,,,N/A  l  -952원,"3.44배  l  49,699원",0.35%,,,,,
JW중외제약우,41700.0,800.0,+1.96%,41000.0,42000.0,27.0,1.0,312.0,2021-07-30,JW중외제약우,001065,73  억원,코스피 1490위,177486,"2,500원  l  1주",177486,532,0.30%,N/A  l  N/A,"117,088  l  28,200",,N/A  l  N/A,,,104.30배,-1.44%,,,,,,,,,,,,,,,,,N/A  l  -370원,"4.54배  l  9,038원",0.85%,,,,,
카이노스메드 *,3330.0,60.0,+1.83%,3270.0,3300.0,17122.0,57.0,215564.0,2021-07-30,카이노스메드,284620,"3,462  억원",코스닥 302위,105242808,100원  l  1주,105242808,4202495,3.99%,N/A  l  N/A,"6,730  l  3,210",,N/A  l  N/A,,,104.30배,-1.44%,,,,,,,,,,,,,,,,,N/A  l  -128원,34.63배  l  95원,,,,,,
대웅,37900.0,600.0,+1.61%,37600.0,37700.0,48430.0,1831.0,283692.0,2021-07-30,대웅,003090,"2조  1,832  억원",코스피 143위,58141980,500원  l  1주,58141980,2093166,3.60%,"3.00중립  l  38,000","86,700  l  20,700",,N/A  l  N/A,,,104.30배,-1.44%,3530.0,414.0,263.0,11.73,7.45,,,,,375.0,98.28,,,,,,"25.37배  l  1,480원","2.36배  l  15,897원",0.27%,,,,,
퓨쳐켐 *,16050.0,250.0,+1.58%,15800.0,16200.0,17505.0,281.0,222679.0,2021-07-30,퓨쳐켐,220100,"2,142  억원",코스닥 517위,13645971,500원  l  1주,13645971,228657,1.68%,N/A  l  N/A,"25,849  l  7,830",,N/A  l  N/A,,,104.30배,-1.39%,,,,,,,,,,,,,,,,,"N/A  l  -1,574원","3.65배  l  4,302원",,,,,,
더블유에스아이 *,3280.0,50.0,+1.55%,3220.0,3285.0,2402.0,8.0,30295.0,2021-07-30,더블유에스아이,299170,949  억원,코스닥 1030위,29237963,100원  l  1주,29237963,105330,0.36%,N/A  l  N/A,"5,800  l  1,975",N/A  l  -58원,N/A  l  N/A,3.63배  l  895원,,104.30배,-1.44%,,,,,,,,,,,,,,,,,,,,,,,,
안트로젠 *,78000.0,1100.0,+1.43%,77100.0,77400.0,36569.0,2815.0,526533.0,2021-07-30,안트로젠,065660,"7,227  억원",코스닥 106위,9421845,500원  l  1주,9421845,1063261,11.29%,N/A  l  N/A,"80,000  l  41,800",,N/A  l  N/A,,,104.30배,-1.44%,,,,,,,,,,,,,,,,,N/A  l  -687원,"7.85배  l  9,768원",,,,,,
팜젠사이언스,11750.0,150.0,+1.29%,11600.0,11700.0,6057.0,70.0,165665.0,2021-07-30,팜젠사이언스,004720,"1,677  억원",코스피 683위,14712933,500원  l  1주,14712933,249504,1.70%,N/A  l  N/A,"33,650  l  7,380",,N/A  l  N/A,,,104.30배,-1.44%,,,,,,,,,,,,,,,,,"4.99배  l  2,283원","1.56배  l  7,326원",,,,,,
박셀바이오 *,81700.0,1000.0,+1.24%,82400.0,83000.0,26640.0,2175.0,215603.0,2021-07-30,박셀바이오,323990,"1조  2,315  억원",코스닥 49위,15223000,500원  l  1주,15223000,594539,3.91%,N/A  l  N/A,"299,700  l  10,225",N/A  l  -293원,N/A  l  N/A,"35.76배  l  2,262원",,104.30배,-1.39%,,,,,,,,,,,,,,,,,,,,,,,,
유유제약2우B,26800.0,300.0,+1.13%,26500.0,26750.0,162.0,4.0,1096.0,2021-07-30,유유제약2우B,000227,86  억원,코스피 1437위,325560,"1,000원  l  1주",325560,144,0.04%,N/A  l  N/A,"59,000  l  13,315",,N/A  l  N/A,,,104.30배,-1.44%,,,,,,,,,,,,,,,,,N/A  l  -36원,"4.09배  l  6,438원",0.42%,,,,,
에이치엘비제약 *,16850.0,150.0,+0.90%,16700.0,16800.0,41166.0,686.0,764566.0,2021-07-30,에이치엘비제약,047920,"3,588  억원",코스닥 289위,22357821,500원  l  1주,22357821,214918,0.96%,N/A  l  N/A,"21,500  l  5,400",,N/A  l  N/A,,,104.30배,-1.44%,,,,,,,,,,,,,,,,,"N/A  l  -4,382원","5.63배  l  2,851원",,,,,,
에이프로젠제약,1245.0,10.0,+0.81%,1235.0,1245.0,113000.0,139.0,1239883.0,2021-07-30,에이프로젠제약,003060,"4,883  억원",코스피 362위,398575767,500원  l  1주,398575767,16573833,4.16%,N/A  l  N/A,"1,900  l  1,010",,N/A  l  N/A,,,104.30배,-1.44%,,,,,,,,,,,,,,,,,45.37배  l  27원,"0.97배  l  1,265원",,,,,,
브릿지바이오테라퓨틱스 *,12950.0,100.0,+0.78%,12950.0,13000.0,3223.0,42.0,45023.0,2021-07-30,브릿지바이오테라퓨틱스,288330,"2,528  억원",코스닥 426위,19593634,500원  l  1주,19593634,209685,1.07%,N/A  l  N/A,"19,300  l  9,577",,N/A  l  N/A,,,104.30배,-1.36%,,,,,,,,,,,,,,,,,N/A  l  -938원,"4.29배  l  3,009원",,,,,,
이연제약,54000.0,400.0,+0.75%,53900.0,54000.0,28010.0,1505.0,538713.0,2021-07-30,이연제약,102460,"9,377  억원",코스피 244위,17998577,500원  l  1주,17998577,330580,1.84%,N/A  l  N/A,"77,700  l  15,104",,N/A  l  N/A,,,104.30배,-1.36%,,,,,,,,,,,,,,,,,188.09배  l  277원,"4.04배  l  12,886원",0.38%,,,,,
경보제약,13600.0,100.0,+0.74%,13500.0,13550.0,4411.0,59.0,196127.0,2021-07-30,경보제약,214390,"3,227  억원",코스피 474위,23906860,500원  l  1주,23906860,190888,0.80%,N/A  l  N/A,"22,600  l  9,080",,N/A  l  N/A,,,104.30배,-1.39%,,,,,,,,,,,,,,,,,36.19배  l  373원,"2.08배  l  6,496원",0.74%,,,,,
에스씨엠생명과학 *,29000.0,200.0,+0.69%,27800.0,29000.0,1559.0,45.0,50851.0,2021-07-30,에스씨엠생명과학,298060,"3,480  억원",코스닥 297위,12021854,500원  l  1주,12021854,908159,7.55%,N/A  l  N/A,"60,300  l  26,700",,N/A  l  N/A,,,104.30배,-1.39%,,,,,,,,,,,,,,,,,"N/A  l  -1,208원","6.05배  l  4,785원",,,,,,
현대약품,6690.0,40.0,+0.60%,6640.0,6660.0,9656.0,64.0,91390.0,2021-07-30,현대약품,004310,"2,112  억원",코스피 619위,32000000,500원  l  1주,32000000,357974,1.12%,N/A  l  N/A,"11,000  l  5,420",,N/A  l  N/A,,,104.30배,-1.44%,,,,,,,,,,,,,,,,,,,,N/A  l  -44원,"2.03배  l  3,254원",0.64%,,
서울제약 *,8880.0,50.0,+0.57%,8840.0,8850.0,2574.0,23.0,36222.0,2021-07-30,서울제약,018680,782  억원,코스닥 1162위,8524523,500원  l  1주,8524523,138120,1.62%,N/A  l  N/A,"16,000  l  7,780",,N/A  l  N/A,,,104.30배,-1.44%,,,,,,,,,,,,,,,,,N/A  l  -2원,"2.96배  l  3,103원",,,,,,
녹십자홀딩스2우,71900.0,400.0,+0.56%,72000.0,72900.0,17.0,1.0,865.0,2021-07-30,녹십자홀딩스2우,005257,595  억원,코스피 989위,845990,500원  l  1주,845990,976,0.12%,N/A  l  N/A,"287,000  l  68,900",,N/A  l  N/A,,,104.30배,-1.36%,,,,,,,,,,,,,,,,,"18.66배  l  3,768원","3.45배  l  20,348원",0.71%,,,,,
JW신약 *,4950.0,25.0,+0.51%,4925.0,4950.0,1901.0,9.0,46036.0,2021-07-30,JW신약,067290,"2,153  억원",코스닥 513위,43936858,500원  l  1주,43936858,710663,1.62%,N/A  l  N/A,"7,248  l  4,590",,N/A  l  N/A,,,104.30배,-1.39%,,,,,,,,,,,,,,,,,N/A  l  -65원,"3.85배  l  1,273원",,,,,,
에이치엘비생명과학 *,10200.0,50.0,+0.49%,10150.0,10200.0,119919.0,1215.0,639069.0,2021-07-30,에이치엘비생명과학,067630,"9,889  억원",코스닥 66위,94180906,500원  l  1주,94180906,6461195,6.86%,N/A  l  N/A,"18,700  l  7,249",,N/A  l  N/A,,,104.30배,-1.36%,,,,,,,,,,,,,,,,,N/A  l  -487원,"3.64배  l  2,885원",,,,,,
녹십자홀딩스,31800.0,150.0,+0.47%,31300.0,31350.0,27065.0,862.0,115026.0,2021-07-30,녹십자홀딩스,005250,"1조  4,696  억원",코스피 180위,47028210,500원  l  1주,47028210,2222871,4.73%,N/A  l  N/A,"56,300  l  21,400",,N/A  l  N/A,,,104.30배,-1.39%,,,,,,,,,,,,,,,,,"8.29배  l  3,768원","1.54배  l  20,348원",1.60%,,,,,
대봉엘에스 *,11000.0,50.0,+0.46%,10800.0,10950.0,494.0,5.0,26127.0,2021-07-30,대봉엘에스,078140,"1,203  억원",코스닥 862위,11086579,500원  l  1주,11086579,275398,2.48%,N/A  l  N/A,"16,200  l  9,300",,N/A  l  N/A,,,104.30배,-1.39%,,,,,,,,,,,,,,,,,22.37배  l  485원,"1.14배  l  9,504원",0.46%,,,,,
휴온스글로벌 *,65800.0,300.0,+0.46%,65500.0,66000.0,1912.0,125.0,53504.0,2021-07-30,휴온스글로벌,084110,"7,940  억원",코스닥 95위,12030289,500원  l  1주,12030289,1146128,9.53%,N/A  l  N/A,"82,300  l  25,900",,N/A  l  N/A,,,104.30배,-1.36%,,,,,,,,,,,,,,,,,"18.44배  l  3,579원","1.89배  l  34,995원",0.58%,,,,,
팜스빌 *,11200.0,50.0,+0.45%,11100.0,11150.0,3099.0,35.0,65465.0,2021-07-30,팜스빌,318010,872  억원,코스닥 1100위,7929338,500원  l  1주,7929338,49702,0.63%,N/A  l  N/A,"14,200  l  9,850",,N/A  l  N/A,,,104.30배,-1.39%,,,,,,,,,,,,,,,,,39.86배  l  276원,"1.54배  l  7,138원",0.91%,,,,,
고려제약 *,11300.0,50.0,+0.44%,11200.0,11250.0,1219.0,14.0,54722.0,2021-07-30,고려제약,014570,"1,216  억원",코스닥 853위,11000000,500원  l  1주,11000000,680789,6.19%,N/A  l  N/A,"13,350  l  9,210",,N/A  l  N/A,,,104.30배,-1.36%,,,,,,,,,,,,,,,,,13.12배  l  842원,"1.68배  l  6,597원",1.36%,,,,,
코미팜 *,11750.0,50.0,+0.43%,11700.0,11800.0,15881.0,186.0,146545.0,2021-07-30,코미팜,041960,"7,381  억원",코스닥 103위,64185876,100원  l  1주,64185876,2938797,4.58%,N/A  l  N/A,"18,200  l  9,990",,N/A  l  N/A,,,104.30배,-1.44%,,,,,,,,,,,,,,,,,N/A  l  -16원,"9.50배  l  1,211원",,,,,,
경남제약 *,7160.0,30.0,+0.42%,7160.0,7210.0,30654.0,220.0,479103.0,2021-07-30,경남제약,053950,"1,393  억원",코스닥 764위,19757737,500원  l  1주,19757737,282651,1.43%,N/A  l  N/A,"13,400  l  6,640",,N/A  l  N/A,,,104.30배,-1.44%,,,,,,,,,,,,,,,,,N/A  l  -209원,"2.01배  l  3,506원",,,,,,
이글벳 *,8440.0,30.0,+0.36%,8410.0,8440.0,8049.0,67.0,55222.0,2021-07-30,이글벳,044960,"1,066  억원",코스닥 941위,12641883,500원  l  1주,12641883,171292,1.35%,N/A  l  N/A,"13,200  l  6,900",,N/A  l  N/A,,,104.30배,-1.44%,,,,,,,,,,,,,,,,,35.87배  l  235원,"2.69배  l  3,135원",0.47%,,,,,
광동제약,8880.0,30.0,+0.34%,8800.0,8850.0,2134.0,18.0,105554.0,2021-07-30,광동제약,009290,"4,665  억원",코스피 371위,52420851,"1,000원  l  1주",52420851,11314426,21.58%,N/A  l  N/A,"13,350  l  8,110",,N/A  l  N/A,,,104.30배,-1.39%,,,,,,,,,,,,,,,,,11.42배  l  779원,"0.76배  l  11,699원",1.12%,,,,,
씨케이에이치 *,302.0,1.0,+0.33%,300.0,304.0,10328.0,3.0,169506.0,2021-07-30,씨케이에이치,900120,346  억원,코스닥 1411위,116745963,0.05 USD  l  1주,116745963,28195828,24.15%,N/A  l  N/A,579  l  198,,N/A  l  N/A,,,104.30배,-1.39%,,,,,,,,,,,,,,,,,N/A  l  -506원,"0.09배  l  3,239원",,,,,,
삼아제약 *,16250.0,50.0,+0.31%,16150.0,16200.0,26.0,0.0,1561.0,2021-07-30,삼아제약,009300,"1,019  억원",코스닥 983위,6370000,"1,000원  l  1주",6370000,25904,0.41%,N/A  l  N/A,"23,900  l  14,300",,N/A  l  N/A,,,104.30배,-1.44%,,,,,,,,,,,,,,,,,N/A  l  -259원,"0.58배  l  27,366원",1.88%,,,,,
하이텍팜 *,17100.0,50.0,+0.29%,17000.0,17150.0,2960.0,50.0,36497.0,2021-07-30,하이텍팜,106190,"1,237  억원",코스닥 845위,7088782,500원  l  1주,7088782,3089835,43.59%,N/A  l  N/A,"29,450  l  10,000",,N/A  l  N/A,,,104.30배,-1.36%,,,,,,,,,,,,,,,,,N/A  l  -374원,"1.30배  l  13,436원",0.29%,,,,,
드림씨아이에스 *,17000.0,50.0,+0.29%,17000.0,17450.0,734.0,13.0,9563.0,2021-07-30,드림씨아이에스,223250,945  억원,코스닥 1033위,5659054,500원  l  1주,5659054,359956,6.36%,N/A  l  N/A,"27,800  l  14,400",,N/A  l  N/A,,,104.30배,-1.44%,,,,,,,,,,,,,,,,,17.34배  l  963원,"2.52배  l  6,623원",,,,,,
동아에스티,82000.0,200.0,+0.24%,82000.0,82300.0,1438.0,117.0,34190.0,2021-07-30,동아에스티,170900,"6,831  억원",코스피 300위,8443868,"5,000원  l  1주",8443868,1617392,19.15%,"4.00매수  l  115,000","108,500  l  80,300",,"29.00배  l  2,801원",,,104.30배,-1.36%,1489.0,113.0,89.0,7.59,5.98,,,,,,,,,,,,"N/A  l  -2,199원","1.08배  l  74,990원",1.24%,,,,,
제일약품,41750.0,100.0,+0.24%,41650.0,42100.0,2275.0,94.0,45710.0,2021-07-30,제일약품,271980,"6,125  억원",코스피 318위,14704872,500원  l  1주,14704872,400562,2.72%,N/A  l  N/A,"119,000  l  37,600",,N/A  l  N/A,,,104.30배,-1.36%,,,,,,,,,,,,,,,,,344.21배  l  121원,"3.45배  l  12,056원",0.17%,,,,,
한독,27050.0,50.0,+0.19%,27000.0,27200.0,236.0,6.0,14693.0,2021-07-30,한독,002390,"3,682  억원",코스피 437위,13763533,500원  l  1주,13763533,364666,2.65%,N/A  l  N/A,"44,750  l  25,850",,N/A  l  N/A,,,104.30배,-1.39%,,,,,,,,,,,,,,,,,"12.46배  l  2,147원","0.97배  l  27,703원",1.12%,,,,,
셀트리온,262000.0,500.0,+0.19%,262500.0,263000.0,27501.0,7176.0,234784.0,2021-07-30,셀트리온,068270,"35조  3,066  억원",코스피 10위,137916534,"1,000원  l  1주",137916534,28097505,20.37%,"4.00매수  l  373,333","396,239  l  229,299",,"45.00배  l  5,670원",,,104.30배,-1.44%,5199.0,2263.0,1740.0,43.53,33.47,,,,,1278.0,204.61,,,,,,"58.73배  l  4,359원","9.95배  l  25,720원",,,,,,
삼천당제약 *,56000.0,100.0,+0.18%,56400.0,56500.0,56392.0,3147.0,1863415.0,2021-07-30,삼천당제약,000250,"1조  2,887  억원",코스닥 45위,22768041,500원  l  1주,22768041,1444245,6.34%,"4.00매수  l  62,000","95,700  l  46,850",,N/A  l  N/A,,,104.30배,-1.44%,419.0,11.0,,2.63,,,,,,,,,,,,,N/A  l  -286원,"6.85배  l  8,263원",,,,,,
영진약품,5620.0,10.0,+0.18%,5510.0,5610.0,40272.0,225.0,241357.0,2021-07-30,영진약품,003520,1조  77  억원,코스피 231위,182892731,500원  l  1주,182892731,7475131,4.09%,N/A  l  N/A,"12,800  l  5,590",,N/A  l  N/A,,,104.30배,-1.44%,,,,,,,,,,,,,,,,,N/A  l  -21원,8.94배  l  616원,,,,,,
코오롱생명과학 *,31350.0,50.0,+0.16%,31300.0,32500.0,6622.0,207.0,118781.0,2021-07-30,코오롱생명과학,102940,"3,538  억원",코스닥 291위,11412356,500원  l  1주,11412356,233831,2.05%,N/A  l  N/A,"36,800  l  17,850",,N/A  l  N/A,,,104.30배,-1.39%,,,,,,,,,,,,,,,,,"N/A  l  -3,508원","6.12배  l  5,069원",,,,,,
알리코제약 *,9470.0,10.0,+0.11%,9460.0,9540.0,2688.0,25.0,80442.0,2021-07-30,알리코제약,260660,"1,438  억원",코스닥 741위,15327021,500원  l  1주,15327021,256941,1.68%,N/A  l  N/A,"11,750  l  7,188",,N/A  l  N/A,,,104.30배,-1.44%,,,,,,,,,,,,,,,,,19.46배  l  482원,"1.80배  l  5,225원",0.68%,,,,,
노바렉스 *,48700.0,50.0,+0.10%,48650.0,49100.0,1422.0,69.0,49465.0,2021-07-30,노바렉스,194700,"4,380  억원",코스닥 219위,9003740,500원  l  1주,9003740,138964,1.54%,"4.00매수  l  58,000","50,700  l  35,800",,"14.00배  l  3,476원",,,104.30배,-1.44%,689.0,81.0,75.0,11.8,10.85,,,,,759.0,64.1,,,,,,"16.36배  l  2,974원","3.20배  l  15,211원",0.62%,,,,,
유한양행우,60000.0,0.0,0.00%,59600.0,60100.0,18.0,1.0,854.0,2021-07-30,유한양행우,000105,705  억원,코스피 938위,1180940,"1,000원  l  1주",1180940,0,0.00%,"4.00매수  l  87,444","81,098  l  54,100",,"45.00배  l  1,340원",,,104.30배,-1.39%,4353.0,199.0,252.0,4.58,5.8,,,,,335.0,183.78,,,,,,"43.54배  l  1,371원","2.11배  l  28,351원",0.69%,,,,,
일동홀딩스,13500.0,0.0,0.00%,13450.0,13500.0,500.0,6.0,5929.0,2021-07-30,일동홀딩스,000230,"1,541  억원",코스피 714위,11540400,"1,000원  l  1주",11540400,236833,2.05%,N/A  l  N/A,"17,350  l  8,600",,N/A  l  N/A,,,104.30배,-1.39%,,,,,,,,,,,,,,,,,"N/A  l  -2,605원","1.44배  l  9,274원",0.75%,,,,,
삼일제약,9100.0,0.0,0.00%,9050.0,9130.0,556.0,5.0,14289.0,2021-07-30,삼일제약,000520,"1,218  억원",코스피 796위,13410862,500원  l  1주,13410862,302513,2.26%,N/A  l  N/A,"14,150  l  8,990",,N/A  l  N/A,,,104.30배,-1.44%,,,,,,,,,,,,,,,,,908.00배  l  10원,"1.77배  l  5,124원",0.83%,,,,,
JW중외제약2우B,61300.0,0.0,0.00%,60500.0,62000.0,0.0,0.0,223.0,2021-07-30,JW중외제약2우B,001067,57  억원,코스피 1549위,93028,"2,500원  l  1주",93028,551,0.59%,N/A  l  N/A,"170,588  l  50,155",,N/A  l  N/A,,,104.30배,-1.39%,,,,,,,,,,,,,,,,,N/A  l  -370원,"6.78배  l  9,038원",0.53%,,,,,
제일파마홀딩스,21200.0,0.0,0.00%,21200.0,21350.0,473.0,10.0,15008.0,2021-07-30,제일파마홀딩스,002620,"3,370  억원",코스피 466위,15973355,500원  l  1주,15973355,1562751,9.78%,N/A  l  N/A,"33,000  l  17,150",,N/A  l  N/A,,,104.30배,-1.44%,,,,,,,,,,,,,,,,,41.29배  l  511원,"0.78배  l  26,887원",0.33%,,,,,
일성신약,82500.0,0.0,0.00%,82100.0,82800.0,87.0,7.0,950.0,2021-07-30,일성신약,003120,"2,194  억원",코스피 608위,2660000,"5,000원  l  1주",2660000,65516,2.46%,N/A  l  N/A,"102,000  l  76,100",,N/A  l  N/A,,,104.30배,-1.44%,,,,,,,,,,,,,,,,,"N/A  l  -1,119원","0.37배  l  222,445원",0.91%,,,,,
한미사이언스,74000.0,0.0,0.00%,74500.0,74700.0,13282.0,981.0,94680.0,2021-07-30,한미사이언스,008930,"4조  8,594  억원",코스피 66위,67304611,500원  l  1주,67304611,1130574,1.68%,N/A  l  N/A,"96,600  l  39,872",,N/A  l  N/A,,,104.30배,-1.44%,,,,,,,,,,,,,,,,,175.67배  l  411원,"7.22배  l  9,997원",0.27%,,,,,
신일제약 *,15300.0,0.0,0.00%,15250.0,15300.0,1962.0,30.0,23828.0,2021-07-30,신일제약,012790,"1,823  억원",코스닥 602위,11217186,500원  l  1주,11217186,96804,0.86%,N/A  l  N/A,"46,113  l  12,850",,N/A  l  N/A,,,104.30배,-1.39%,,,,,,,,,,,,,,,,,28.07배  l  579원,"1.64배  l  9,924원",0.60%,,,,,
바이온 *,1320.0,0.0,0.00%,1315.0,1340.0,8608.0,12.0,184739.0,2021-07-30,바이온,032980,876  억원,코스닥 1095위,66900777,500원  l  1주,66900777,2273815,3.40%,N/A  l  N/A,"2,475  l  970",,N/A  l  N/A,,,104.30배,-1.39%,,,,,,,,,,,,,,,,,N/A  l  -105원,2.15배  l  609원,,,,,,
대한뉴팜 *,11350.0,0.0,0.00%,11400.0,11450.0,5598.0,63.0,56559.0,2021-07-30,대한뉴팜,054670,"1,615  억원",코스닥 661위,14354920,500원  l  1주,14354920,0,0.00%,N/A  l  N/A,"15,950  l  10,350",,N/A  l  N/A,,,104.30배,-1.39%,,,,,,,,,,,,,,,,,N/A  l  -667원,"2.59배  l  4,336원",,,,,,
종근당바이오,56900.0,0.0,0.00%,56700.0,56900.0,4842.0,276.0,216629.0,2021-07-30,종근당바이오,063160,"3,143  억원",코스피 479위,5485962,"2,500원  l  1주",5485962,54710,1.00%,N/A  l  N/A,"119,000  l  37,500",,N/A  l  N/A,,,104.30배,-1.44%,,,,,,,,,,,,,,,,,177.40배  l  323원,"1.90배  l  30,195원",0.35%,,,,,
대화제약 *,11800.0,0.0,0.00%,11800.0,11900.0,857.0,10.0,22981.0,2021-07-30,대화제약,067080,"2,187  억원",코스닥 501위,18616650,500원  l  1주,18616650,634487,3.41%,N/A  l  N/A,"23,000  l  11,500",,N/A  l  N/A,,,104.30배,-1.36%,,,,,,,,,,,,,,,,,N/A  l  -79원,"2.52배  l  4,659원",1.28%,,,,,
중앙백신 *,17150.0,0.0,0.00%,17200.0,17250.0,1924.0,33.0,46488.0,2021-07-30,중앙백신,072020,"1,703  억원",코스닥 631위,9960000,500원  l  1주,9960000,198503,1.99%,N/A  l  N/A,"22,100  l  15,450",,N/A  l  N/A,,,104.30배,-1.39%,,,,,,,,,,,,,,,,,54.63배  l  313원,"1.90배  l  8,977원",0.41%,,,,,
진바이오텍 *,6730.0,0.0,0.00%,6650.0,6730.0,4887.0,33.0,106337.0,2021-07-30,진바이오텍,086060,575  억원,코스닥 1307위,8610587,500원  l  1주,8610587,267807,3.11%,N/A  l  N/A,"8,220  l  4,890",,N/A  l  N/A,,,104.30배,-1.39%,,,,,,,,,,,,,,,,,N/A  l  -351원,"1.30배  l  5,135원",0.45%,,,,,
내츄럴엔도텍 *,2525.0,0.0,0.00%,0.0,0.0,0.0,0.0,0.0,2021-07-30,내츄럴엔도텍,168330,696  억원,코스닥 1235위,27573528,500원  l  1주,27573528,678735,2.46%,N/A  l  N/A,0  l  0,,N/A  l  N/A,,,104.30배,-1.39%,,,,,,,,,,,,,,,,,N/A  l  -72원,"2.13배  l  1,184원",,,,,,
비씨월드제약 *,19300.0,0.0,0.00%,19400.0,19500.0,8251.0,160.0,176787.0,2021-07-30,비씨월드제약,200780,"1,730  억원",코스닥 627위,8892384,200원  l  1주,8892384,124145,1.40%,N/A  l  N/A,"28,650  l  16,250",,N/A  l  N/A,,,104.30배,-1.39%,,,,,,,,,,,,,,,,,65.93배  l  295원,"1.63배  l  11,949원",0.51%,,,,,
JW생명과학,18550.0,0.0,0.00%,18550.0,18650.0,1272.0,23.0,23654.0,2021-07-30,JW생명과학,234080,"2,929  억원",코스피 502위,15834554,"2,500원  l  1주",15834554,581443,3.67%,N/A  l  N/A,"24,000  l  17,850",,N/A  l  N/A,,,104.30배,-1.39%,,,,,,,,,,,,,,,,,18.63배  l  993원,"2.26배  l  8,186원",2.70%,,,,,
메드팩토 *,62500.0,0.0,0.00%,62500.0,62800.0,11327.0,705.0,152459.0,2021-07-30,메드팩토,235980,"1조  2,552  억원",코스닥 48위,20510342,500원  l  1주,20510342,1113853,5.43%,N/A  l  N/A,"134,200  l  62,400",,N/A  l  N/A,,,104.30배,-1.44%,,,,,,,,,,,,,,,,,"N/A  l  -1,098원","22.40배  l  2,732원",,,,,,
하나제약,21700.0,0.0,0.00%,21650.0,21700.0,678.0,14.0,17376.0,2021-07-30,하나제약,293480,"3,821  억원",코스피 426위,17772946,500원  l  1주,17772946,93498,0.53%,N/A  l  N/A,"26,540  l  19,837",,N/A  l  N/A,,,104.30배,-1.44%,,,,,,,,,,,,,,,,,27.71배  l  776원,"1.63배  l  13,201원",2.16%,,,,,
위더스제약 *,13700.0,0.0,0.00%,13850.0,13900.0,6060.0,84.0,49662.0,2021-07-30,위더스제약,330350,"1,873  억원",코스닥 590위,13188622,200원  l  1주,13188622,47025,0.36%,N/A  l  N/A,"19,566  l  11,433",,N/A  l  N/A,,,104.30배,-1.44%,,,,,,,,,,,,,,,,,30.28배  l  469원,"2.40배  l  5,909원",0.22%,,,,,
네오이뮨텍(Reg.S) *,10300.0,0.0,0.00%,10250.0,10300.0,31926.0,327.0,311458.0,2021-07-30,네오이뮨텍(Reg.S),950220,"9,987  억원",코스닥 64위,98392010,,98392010,7884377,8.01%,N/A  l  N/A,"17,450  l  9,980",,N/A  l  N/A,,,104.30배,-1.44%,,,,,,,,,,,,,,,,,N/A  l  -428원,"5.32배  l  1,909원",,,,,,
동구바이오제약 *,9480.0,10.0,-0.11%,9280.0,9400.0,8499.0,80.0,170643.0,2021-07-30,동구바이오제약,006620,"2,667  억원",코스닥 398위,28464992,500원  l  1주,28464992,114631,0.40%,N/A  l  N/A,"16,074  l  7,106",,N/A  l  N/A,,,104.30배,-1.44%,,,,,,,,,,,,,,,,,33.58배  l  279원,"2.82배  l  3,321원",0.36%,,,,,
JW홀딩스,4470.0,5.0,-0.11%,4475.0,4480.0,1448.0,6.0,64882.0,2021-07-30,JW홀딩스,096760,"3,039  억원",코스피 486위,68441182,500원  l  1주,68441182,1532726,2.24%,N/A  l  N/A,"7,000  l  4,335",,N/A  l  N/A,,,104.30배,-1.39%,,,,,,,,,,,,,,,,,15.80배  l  281원,"2.08배  l  2,139원",1.97%,,,,,
테라젠이텍스 *,8190.0,10.0,-0.12%,8200.0,8250.0,4414.0,36.0,101880.0,2021-07-30,테라젠이텍스,066700,"2,656  억원",코스닥 400위,32474435,500원  l  1주,32474435,513509,1.58%,N/A  l  N/A,"14,550  l  7,800",,N/A  l  N/A,,,104.30배,-1.44%,,,,,,,,,,,,,,,,,N/A  l  -298원,"0.86배  l  9,502원",,,,,,
에이치엘사이언스 *,38550.0,50.0,-0.13%,38300.0,38600.0,174.0,7.0,3226.0,2021-07-30,에이치엘사이언스,239610,"2,141  억원",코스닥 520위,5392115,500원  l  1주,5392115,37757,0.70%,N/A  l  N/A,"55,801  l  37,200",,N/A  l  N/A,,,104.30배,-1.39%,,,,,,,,,,,,,,,,,"12.43배  l  3,193원","2.16배  l  18,381원",0.96%,,,,,
제일바이오 *,3550.0,5.0,-0.14%,3600.0,3605.0,30102.0,107.0,457592.0,2021-07-30,제일바이오,052670,"1,063  억원",코스닥 947위,29129064,500원  l  1주,29129064,311690,1.07%,N/A  l  N/A,"5,825  l  3,062",,N/A  l  N/A,,,104.30배,-1.44%,,,,,,,,,,,,,,,,,73.00배  l  50원,"2.69배  l  1,358원",,,,,,
일양약품우,34100.0,50.0,-0.15%,34000.0,34500.0,44.0,1.0,1557.0,2021-07-30,일양약품우,007575,150  억원,코스피 1264위,445080,"2,500원  l  1주",445080,2090,0.47%,N/A  l  N/A,"144,000  l  30,950",,N/A  l  N/A,,,104.30배,-1.36%,,,,,,,,,,,,,,,,,82.04배  l  412원,"3.05배  l  11,066원",0.43%,,,,,
휴온스 *,60900.0,100.0,-0.16%,61000.0,61300.0,3588.0,218.0,27640.0,2021-07-30,휴온스,243070,"6,592  억원",코스닥 118위,10859671,500원  l  1주,10859671,2206981,20.32%,"4.00매수  l  75,500","86,500  l  49,420",,N/A  l  N/A,,,104.30배,-1.44%,1130.0,158.0,,13.99,,,,,,884.0,69.0,,,,,,"12.00배  l  5,058원","2.70배  l  22,483원",0.90%,,,,,
JW중외제약,28500.0,50.0,-0.18%,28550.0,28700.0,6108.0,173.0,25945.0,2021-07-30,JW중외제약,001060,"6,182  억원",코스피 316위,21539926,"2,500원  l  1주",21539926,1233680,5.73%,N/A  l  N/A,"44,632  l  27,650",,N/A  l  N/A,,,104.30배,-1.36%,,,,,,,,,,,,,,,,,N/A  l  -370원,"3.18배  l  9,038원",1.10%,,,,,
유나이티드제약,53300.0,100.0,-0.19%,53600.0,53900.0,7995.0,427.0,116270.0,2021-07-30,유나이티드제약,033270,"8,610  억원",코스피 265위,16244822,500원  l  1주,16244822,965653,5.94%,N/A  l  N/A,"112,000  l  24,000",,N/A  l  N/A,,,104.30배,-1.39%,,,,,,,,,,,,,,,,,"35.69배  l  1,485원","2.80배  l  18,928원",0.66%,,,,,
동국제약 *,25450.0,50.0,-0.20%,25650.0,25700.0,6475.0,164.0,141422.0,2021-07-30,동국제약,086450,"1조  1,159  억원",코스닥 53위,44460000,500원  l  1주,44460000,8318205,18.71%,"4.00매수  l  35,000","36,150  l  23,700",,N/A  l  N/A,,,104.30배,-1.44%,1476.0,180.0,138.0,12.2,9.35,,,,,307.0,82.98,,,,,,"20.83배  l  1,205원","2.68배  l  9,358원",0.72%,,,,,
휴럼 *,2375.0,5.0,-0.21%,2310.0,2380.0,22115.0,52.0,1938082.0,2021-07-30,휴럼,353190,681  억원,코스닥 1247위,27682521,100원  l  1주,27682521,44142,0.16%,N/A  l  N/A,"4,135  l  2,235",36.72배  l  67원,N/A  l  N/A,N/A  l  N/A,,125.27배,-1.44%,,,,,,,,,,,,,,,,,,,,,,,,
환인제약,21400.0,50.0,-0.23%,21200.0,21550.0,3395.0,72.0,39518.0,2021-07-30,환인제약,016580,"3,943  억원",코스피 417위,18600070,500원  l  1주,18600070,2703088,14.53%,"4.00매수  l  28,500","23,550  l  14,100",,N/A  l  N/A,,,104.30배,-1.44%,452.0,80.0,,17.68,,,,,,317.0,67.62,,,,,,"14.66배  l  1,446원","1.08배  l  19,650원",1.41%,,,,,
부광약품,20750.0,50.0,-0.24%,20850.0,20900.0,38476.0,798.0,1780023.0,2021-07-30,부광약품,003000,"1조  4,746  억원",코스피 178위,71063049,500원  l  1주,71063049,2546677,3.58%,N/A  l  N/A,"40,481  l  20,100",,N/A  l  N/A,,,104.30배,-1.39%,,,,,,,,,,,,,,,,,N/A  l  -133원,"5.72배  l  3,630원",0.44%,,,,,
바이넥스 *,19050.0,50.0,-0.26%,18850.0,19100.0,15062.0,286.0,183406.0,2021-07-30,바이넥스,053030,"5,971  억원",코스닥 141위,31761048,500원  l  1주,31761048,2022596,6.37%,"4.00매수  l  36,000","39,400  l  13,150",,N/A  l  N/A,,,104.30배,-1.44%,,,,,,,,,,,,,,,,,44.98배  l  418원,"3.27배  l  5,747원",,,,,,
지놈앤컴퍼니 *,36600.0,100.0,-0.27%,36300.0,36650.0,5019.0,182.0,32513.0,2021-07-30,지놈앤컴퍼니,314130,"4,848  억원",코스닥 193위,13447465,500원  l  1주,13447465,46086,0.34%,N/A  l  N/A,"95,000  l  33,900","N/A  l  -2,688원",N/A  l  N/A,"4.71배  l  7,661원",,104.30배,-1.39%,,,,,,,,,,,,,,,,,,,,,,,,
코스맥스비티아이,17500.0,50.0,-0.28%,17650.0,17700.0,549.0,9.0,23960.0,2021-07-30,코스맥스비티아이,044820,"1,671  억원",코스피 685위,9603921,500원  l  1주,9603921,494654,5.15%,N/A  l  N/A,"25,700  l  14,900",,N/A  l  N/A,,,104.30배,-1.44%,,,,,,,,,,,,,,,,,N/A  l  -221원,"0.56배  l  31,107원",1.15%,,,,,
휴메딕스 *,33800.0,100.0,-0.29%,33600.0,34050.0,2136.0,72.0,36504.0,2021-07-30,휴메딕스,200670,"3,300  억원",코스닥 316위,9971194,500원  l  1주,9971194,573906,5.76%,"4.00매수  l  45,333","44,600  l  20,350",,"18.00배  l  1,825원",,,104.30배,-1.44%,301.0,56.0,53.0,18.77,17.61,,,,,371.0,91.36,,,,,,"19.19배  l  1,725원","2.64배  l  12,521원",1.21%,,,,,
SK바이오사이언스,170500.0,500.0,-0.29%,173000.0,173500.0,117643.0,20227.0,760852.0,2021-07-30,SK바이오사이언스,302440,13조  50  억원,코스피 30위,76500000,500원  l  1주,76500000,3046993,3.98%,N/A  l  N/A,"190,000  l  111,500",,N/A  l  N/A,,,104.30배,-1.44%,,,,,,,,,,,,,,,,,"132.09배  l  1,287원","10.08배  l  16,870원",,,,,,
넥스트BT *,1645.0,5.0,-0.30%,1650.0,1655.0,53877.0,90.0,563541.0,2021-07-30,넥스트BT,065170,"1,434  억원",코스닥 746위,88239565,500원  l  1주,88239565,4331303,4.91%,N/A  l  N/A,"2,945  l  1,310",,N/A  l  N/A,,,104.30배,-1.44%,,,,,,,,,,,,,,,,,N/A  l  -260원,2.14배  l  760원,,,,,,
뉴트리 *,33750.0,100.0,-0.30%,33850.0,33950.0,1515.0,51.0,63684.0,2021-07-30,뉴트리,270870,"3,035  억원",코스닥 345위,9113224,500원  l  1주,9113224,307220,3.37%,"4.00매수  l  48,000","43,350  l  18,900",,N/A  l  N/A,,,104.30배,-1.39%,715.0,100.0,79.0,13.93,11.09,,,,,779.0,43.45,,,,,,"13.28배  l  2,508원","3.85배  l  8,646원",0.75%,,,,,
대원제약,15900.0,50.0,-0.31%,15950.0,16000.0,734.0,11.0,23255.0,2021-07-30,대원제약,003220,"3,385  억원",코스피 465위,21224823,500원  l  1주,21224823,3482859,16.41%,"4.00매수  l  21,500","23,902  l  15,150",,N/A  l  N/A,,,104.30배,-1.44%,881.0,69.0,,7.83,,,,,,,,,,,,,159.50배  l  100원,"1.62배  l  9,834원",0.96%,,,,,
CMG제약 *,4890.0,15.0,-0.31%,4905.0,4910.0,65441.0,319.0,919856.0,2021-07-30,CMG제약,058820,"6,681  억원",코스닥 114위,138892244,500원  l  1주,138892244,8757715,6.31%,N/A  l  N/A,"7,100  l  4,040",,N/A  l  N/A,,,104.30배,-1.44%,,,,,,,,,,,,,,,,,"2,405.00배  l  2원","3.66배  l  1,316원",,,,,,
콜마비앤에이치 *,48300.0,150.0,-0.31%,48600.0,48650.0,3279.0,159.0,48075.0,2021-07-30,콜마비앤에이치,200130,"1조  4,137  억원",코스닥 39위,29543558,500원  l  1주,29543558,807736,2.73%,"4.00매수  l  71,000","72,900  l  47,600",,"15.00배  l  3,261원",,,104.30배,-1.44%,1947.0,329.0,,16.9,,,,,,982.0,49.36,,,,,,"16.96배  l  2,822원","4.19배  l  11,414원",0.67%,,,,,
아미노로직스 *,2995.0,10.0,-0.33%,3005.0,3020.0,24291.0,73.0,421365.0,2021-07-30,아미노로직스,074430,"2,578  억원",코스닥 414위,87826844,100원  l  1주,87826844,813505,0.93%,N/A  l  N/A,"4,355  l  1,825",,N/A  l  N/A,,,104.30배,-1.44%,,,,,,,,,,,,,,,,,75.26배  l  39원,4.73배  l  620원,,,,,,
셀트리온제약 *,143100.0,500.0,-0.35%,143600.0,143700.0,8156.0,1169.0,88625.0,2021-07-30,셀트리온제약,068760,"5조  1,055  억원",코스닥 4위,36546204,500원  l  1주,36546204,2697269,7.38%,N/A  l  N/A,"268,871  l  98,547",,N/A  l  N/A,,,104.30배,-1.44%,,,,,,,,,,,,,,,,,195.93배  l  713원,"16.84배  l  8,298원",,,,,,
프레스티지바이오파마,28450.0,100.0,-0.35%,28550.0,28600.0,9718.0,276.0,129760.0,2021-07-30,프레스티지바이오파마,950210,"1조  6,737  억원",코스피 166위,60096155,,60096155,38327250,63.78%,"4.00매수  l  40,000","54,000  l  24,200",,N/A  l  N/A,,,104.30배,-1.44%,,,,,,,,,,,,9402.0,3.04,,,,,,,,,,N/A  l  -336원,"2.92배  l  9,552원"
셀트리온헬스케어 *,110600.0,400.0,-0.36%,110800.0,111000.0,37613.0,4167.0,345503.0,2021-07-30,셀트리온헬스케어,091990,"16조  8,320  억원",코스닥 1위,154990922,"1,000원  l  1주",154990922,26011344,16.78%,"4.00매수  l  142,500","177,100  l  79,827",,"52.00배  l  2,096원",,,104.30배,-1.39%,4463.0,950.0,634.0,21.29,14.21,,,,,395.0,280.87,,,,,,"85.85배  l  1,265원","8.44배  l  12,865원",,,,,,
삼진제약,27000.0,100.0,-0.37%,26800.0,27100.0,1069.0,28.0,21449.0,2021-07-30,삼진제약,005500,"3,767  억원",코스피 433위,13900000,"1,000원  l  1주",13900000,1969976,14.17%,"4.00매수  l  37,000","32,350  l  23,300",,N/A  l  N/A,,,104.30배,-1.44%,590.0,82.0,71.0,13.9,12.03,,,,,511.0,53.05,,,,,,"14.38배  l  1,884원","1.58배  l  17,103원",2.95%,,,,,
안국약품 *,13000.0,50.0,-0.38%,13000.0,13050.0,1071.0,14.0,23088.0,2021-07-30,안국약품,001540,"1,682  억원",코스닥 642위,13042420,500원  l  1주,13042420,520940,3.99%,N/A  l  N/A,"20,650  l  11,750",,N/A  l  N/A,,,104.30배,-1.39%,,,,,,,,,,,,,,,,,N/A  l  -192원,"1.04배  l  12,452원",1.71%,,,,,
종근당,130500.0,500.0,-0.38%,131000.0,132000.0,2229.0,291.0,53099.0,2021-07-30,종근당,185750,"1조  4,740  억원",코스피 179위,11426099,"2,500원  l  1주",11426099,875149,7.66%,"4.00매수  l  176,875","273,774  l  125,000",,"20.00배  l  6,564원",,,104.30배,-1.39%,3344.0,285.0,209.0,8.52,6.25,,,,,,,,,,,,"16.60배  l  7,771원","2.66배  l  48,568원",0.74%,,,,,
지엘팜텍 *,1290.0,5.0,-0.39%,1300.0,1310.0,9686.0,12.0,213134.0,2021-07-30,지엘팜텍,204840,664  억원,코스닥 1257위,51886844,100원  l  1주,51886844,1094573,2.11%,N/A  l  N/A,"2,390  l  855",,N/A  l  N/A,,,104.30배,-1.39%,,,,,,,,,,,,,,,,,N/A  l  -75원,5.18배  l  247원,,,,,,
삼성제약,7370.0,30.0,-0.41%,7450.0,7480.0,46629.0,344.0,1668452.0,2021-07-30,삼성제약,001360,"4,889  억원",코스피 361위,67162079,500원  l  1주,67162079,3103856,4.62%,N/A  l  N/A,"13,450  l  3,360",,N/A  l  N/A,,,104.30배,-1.44%,,,,,,,,,,,,,,,,,N/A  l  -662원,"3.24배  l  2,249원",,,,,,
에스텍파마 *,12150.0,50.0,-0.41%,12150.0,12200.0,1672.0,20.0,51692.0,2021-07-30,에스텍파마,041910,"1,452  억원",코스닥 729위,11898263,500원  l  1주,11898263,199515,1.68%,N/A  l  N/A,"17,350  l  10,000",,N/A  l  N/A,,,104.30배,-1.39%,,,,,,,,,,,,,,,,,12.68배  l  962원,"1.26배  l  9,647원",0.82%,,,,,
일양약품,33400.0,150.0,-0.45%,34000.0,34250.0,6411.0,214.0,94007.0,2021-07-30,일양약품,007570,"6,356  억원",코스피 310위,19085664,"2,500원  l  1주",19085664,1451829,7.61%,N/A  l  N/A,"99,000  l  31,550",,N/A  l  N/A,,,104.30배,-1.44%,,,,,,,,,,,,,,,,,80.83배  l  412원,"3.01배  l  11,066원",0.36%,,,,,
녹십자웰빙 *,11000.0,50.0,-0.45%,11100.0,11250.0,19571.0,218.0,118720.0,2021-07-30,녹십자웰빙,234690,"1,979  억원",코스닥 559위,17752276,500원  l  1주,17752276,188636,1.06%,N/A  l  N/A,"18,850  l  10,200",,N/A  l  N/A,,,104.30배,-1.44%,,,,,,,,,,,,,,,,,108.25배  l  103원,"2.39배  l  4,672원",0.45%,,,,,
신신제약 *,8300.0,40.0,-0.48%,8240.0,8340.0,5469.0,46.0,151808.0,2021-07-30,신신제약,002800,"1,283  억원",코스닥 822위,15170500,500원  l  1주,15170500,237394,1.56%,N/A  l  N/A,"13,050  l  7,510",,N/A  l  N/A,,,104.30배,-1.39%,,,,,,,,,,,,,,,,,N/A  l  -82원,"2.32배  l  3,651원",,,,,,
경동제약 *,10300.0,50.0,-0.48%,10300.0,10350.0,1558.0,16.0,41142.0,2021-07-30,경동제약,011040,"3,185  억원",코스닥 326위,30768766,500원  l  1주,30768766,1967468,6.39%,N/A  l  N/A,"16,400  l  9,120",,N/A  l  N/A,,,104.30배,-1.39%,,,,,,,,,,,,,,,,,26.68배  l  388원,"1.12배  l  9,279원",4.83%,,,,,
코스맥스엔비티 *,10350.0,50.0,-0.48%,10500.0,10550.0,2214.0,23.0,69428.0,2021-07-30,코스맥스엔비티,222040,"2,104  억원",코스닥 530위,20628000,500원  l  1주,20628000,324438,1.57%,"4.00매수  l  13,633","12,900  l  7,000",,32.00배  l  322원,,,104.30배,-1.44%,826.0,42.0,30.0,5.07,3.63,,,,,133.0,78.01,,,,,,N/A  l  -386원,"3.52배  l  2,896원",,,,,,
종근당홀딩스,101500.0,500.0,-0.49%,102000.0,102500.0,198.0,20.0,44811.0,2021-07-30,종근당홀딩스,001630,"5,060  억원",코스피 354위,5009861,"2,500원  l  1주",5009861,470142,9.38%,"4.00매수  l  166,000","156,000  l  95,500",,N/A  l  N/A,,,104.30배,-1.39%,,,,,,,,,,,,,,,,,"7.07배  l  14,277원","0.94배  l  108,019원",1.39%,,,,,
대성미생물 *,19000.0,100.0,-0.52%,19100.0,19150.0,436.0,8.0,11129.0,2021-07-30,대성미생물,036480,714  억원,코스닥 1230위,3800000,500원  l  1주,3800000,72049,1.90%,N/A  l  N/A,"27,250  l  14,700",,N/A  l  N/A,,,104.30배,-1.39%,,,,,,,,,,,,,,,,,93.07배  l  202원,"1.98배  l  9,477원",0.45%,,,,,
큐브앤컴퍼니 *,2700.0,15.0,-0.55%,2695.0,2715.0,10903.0,29.0,372514.0,2021-07-30,큐브앤컴퍼니,043090,888  억원,코스닥 1078위,32590313,500원  l  1주,32590313,401884,1.23%,N/A  l  N/A,"3,530  l  1,125",,N/A  l  N/A,,,104.30배,-1.44%,,,,,,,,,,,,,,,,,N/A  l  -232원,3.90배  l  698원,,,,,,
우진비앤지 *,2645.0,15.0,-0.56%,2635.0,2660.0,6627.0,18.0,83342.0,2021-07-30,우진비앤지,018620,763  억원,코스닥 1188위,28889293,500원  l  1주,28889293,949734,3.29%,N/A  l  N/A,"4,230  l  2,450",,N/A  l  N/A,,,104.30배,-1.39%,,,,,,,,,,,,,,,,,N/A  l  -111원,"2.35배  l  1,125원",,,,,,
진양제약 *,7010.0,40.0,-0.57%,7050.0,7070.0,31978.0,225.0,518932.0,2021-07-30,진양제약,007370,834  억원,코스닥 1132위,12000000,500원  l  1주,12000000,231368,1.93%,N/A  l  N/A,"11,450  l  5,360",,N/A  l  N/A,,,104.30배,-1.44%,,,,,,,,,,,,,,,,,20.38배  l  341원,"1.69배  l  4,111원",1.44%,,,,,
동성제약,9620.0,60.0,-0.62%,9680.0,9700.0,943.0,9.0,83231.0,2021-07-30,동성제약,002210,"2,493  억원",코스피 561위,26100970,"1,000원  l  1주",26100970,1263819,4.84%,N/A  l  N/A,"17,000  l  9,350",,N/A  l  N/A,,,104.30배,-1.44%,,,,,,,,,,,,,,,,,N/A  l  -372원,"4.13배  l  2,310원",,,,,,
대한약품 *,32300.0,200.0,-0.62%,32200.0,32700.0,554.0,18.0,17258.0,2021-07-30,대한약품,023910,"1,932  억원",코스닥 574위,6000000,500원  l  1주,6000000,1017136,16.95%,"4.00매수  l  40,000","47,700  l  29,000",,N/A  l  N/A,,,104.30배,-1.44%,408.0,68.0,,16.67,,,,,,,,,,,,,"12.41배  l  2,595원","1.04배  l  30,822원",1.24%,,,,,
디에이치피코리아 *,8010.0,50.0,-0.62%,8050.0,8060.0,1844.0,15.0,52907.0,2021-07-30,디에이치피코리아,131030,"1,320  억원",코스닥 799위,16564797,500원  l  1주,16564797,956365,5.77%,N/A  l  N/A,"9,450  l  7,470",,N/A  l  N/A,,,104.30배,-1.44%,,,,,,,,,,,,,,,,,10.95배  l  728원,"1.07배  l  7,424원",1.25%,,,,,
옵티팜 *,16000.0,100.0,-0.62%,16250.0,16300.0,32787.0,528.0,539551.0,2021-07-30,옵티팜,153710,"2,385  억원",코스닥 461위,14589458,500원  l  1주,14589458,42085,0.29%,N/A  l  N/A,"31,150  l  9,910",,N/A  l  N/A,,,104.30배,-1.44%,,,,,,,,,,,,,,,,,N/A  l  -221원,"7.26배  l  2,253원",,,,,,
한올바이오파마,22900.0,150.0,-0.65%,22150.0,23000.0,23617.0,541.0,303794.0,2021-07-30,한올바이오파마,009420,"1조  1,597  억원",코스피 208위,52240638,500원  l  1주,52240638,3017820,5.78%,"5.00매수  l  46,000","41,950  l  19,350",,N/A  l  N/A,,,104.30배,-1.44%,,,,,,,,,,,,,,,,,56.78배  l  391원,"6.95배  l  3,193원",,,,,,
씨티씨바이오 *,9200.0,60.0,-0.65%,9240.0,9260.0,9125.0,84.0,266062.0,2021-07-30,씨티씨바이오,060590,"2,131  억원",코스닥 521위,22674323,500원  l  1주,22674323,731092,3.22%,N/A  l  N/A,"12,650  l  5,680",,N/A  l  N/A,,,104.30배,-1.39%,,,,,,,,,,,,,,,,,N/A  l  -827원,"2.38배  l  3,945원",,,,,,
티움바이오 *,23000.0,150.0,-0.65%,23400.0,23500.0,45971.0,1057.0,2732335.0,2021-07-30,티움바이오,321550,"5,277  억원",코스닥 162위,23821926,500원  l  1주,23821926,11724,0.05%,N/A  l  N/A,"29,650  l  13,400",,N/A  l  N/A,,,104.30배,-1.44%,,,,,,,,,,,,,,,,,N/A  l  -580원,"6.65배  l  3,333원",,,,,,
에이프로젠 H&G *,885.0,6.0,-0.67%,900.0,904.0,29546.0,26.0,785001.0,2021-07-30,에이프로젠 H&G,109960,"1,558  억원",코스닥 683위,178695217,500원  l  1주,178695217,3159210,1.77%,N/A  l  N/A,"1,365  l  612",,N/A  l  N/A,,,104.30배,-1.39%,,,,,,,,,,,,,,,,,12.82배  l  68원,"0.69배  l  1,268원",,,,,,
동화약품,14500.0,100.0,-0.68%,14600.0,14650.0,7302.0,105.0,83468.0,2021-07-30,동화약품,000020,"4,050  억원",코스피 405위,27931470,"1,000원  l  1주",27931470,716015,2.56%,N/A  l  N/A,"34,450  l  13,400",,N/A  l  N/A,,,104.30배,-1.45%,,,,,,,,,,,,,,,,,"12.78배  l  1,135원","1.21배  l  11,941원",1.24%,,,,,
엔지켐생명과학 *,87100.0,600.0,-0.68%,87700.0,88000.0,3147.0,274.0,64332.0,2021-07-30,엔지켐생명과학,183490,"7,098  억원",코스닥 107위,8331345,500원  l  1주,8331345,699769,8.40%,N/A  l  N/A,"184,900  l  80,700",,N/A  l  N/A,,,104.30배,-1.39%,,,,,,,,,,,,,,,,,"N/A  l  -2,455원","7.76배  l  10,981원",,,,,,
화일약품 *,3615.0,25.0,-0.69%,3640.0,3645.0,42448.0,153.0,460314.0,2021-07-30,화일약품,061250,"2,363  억원",코스닥 459위,65633553,500원  l  1주,65633553,730367,1.11%,N/A  l  N/A,"5,933  l  3,153",,N/A  l  N/A,,,104.30배,-1.45%,,,,,,,,,,,,,,,,,112.50배  l  32원,"1.32배  l  2,720원",,,,,,
한국유니온제약 *,14150.0,100.0,-0.70%,14250.0,14350.0,851.0,12.0,22980.0,2021-07-30,한국유니온제약,080720,"1,103  억원",코스닥 914위,7903728,500원  l  1주,7903728,44224,0.56%,N/A  l  N/A,"25,500  l  11,650",,N/A  l  N/A,,,104.30배,-1.44%,,,,,,,,,,,,,,,,,"N/A  l  -1,414원","1.70배  l  8,183원",,,,,,
명문제약,5570.0,40.0,-0.71%,5540.0,5600.0,5788.0,32.0,183588.0,2021-07-30,명문제약,017180,"1,912  억원",코스피 638위,33953454,500원  l  1주,33953454,380774,1.12%,N/A  l  N/A,"11,750  l  4,970",,N/A  l  N/A,,,104.30배,-1.45%,,,,,,,,,,,,,,,,,N/A  l  -682원,"2.17배  l  2,598원",,,,,,
KPX생명과학 *,9770.0,70.0,-0.71%,9790.0,9800.0,8307.0,81.0,198746.0,2021-07-30,KPX생명과학,114450,"1,468  억원",코스닥 724위,15000000,500원  l  1주,15000000,79071,0.53%,N/A  l  N/A,"34,000  l  6,350",,N/A  l  N/A,,,104.30배,-1.44%,,,,,,,,,,,,,,,,,N/A  l  -57원,"2.49배  l  3,926원",,,,,,
에스티팜 *,109200.0,800.0,-0.73%,110200.0,110300.0,15603.0,1700.0,348865.0,2021-07-30,에스티팜,237690,2조  167  억원,코스닥 21위,18656000,500원  l  1주,18656000,0,0.00%,"4.00매수  l  130,000","145,200  l  54,700",,N/A  l  N/A,,,104.30배,-1.45%,,,,,,,,,,,,,,,,,N/A  l  -700원,"6.95배  l  15,544원",,,,,,
한미약품,326000.0,2500.0,-0.76%,331000.0,331500.0,2670.0,871.0,20411.0,2021-07-30,한미약품,128940,"3조  8,832  억원",코스피 86위,12078282,"2,500원  l  1주",12078282,1578224,13.07%,"4.00매수  l  397,500","427,000  l  251,345",,"64.00배  l  5,046원",,,104.30배,-1.39%,2793.0,227.0,174.0,8.13,6.24,,,,,762.0,435.21,,,,,,"165.47배  l  1,943원","5.18배  l  62,079원",0.15%,,,,,
이수앱지스 *,12850.0,100.0,-0.77%,12950.0,13050.0,13504.0,174.0,382816.0,2021-07-30,이수앱지스,086890,"4,148  억원",코스닥 237위,33182668,500원  l  1주,33182668,402921,1.21%,N/A  l  N/A,"25,000  l  6,660",,N/A  l  N/A,,,104.30배,-1.45%,,,,,,,,,,,,,,,,,N/A  l  -682원,"6.69배  l  1,869원",,,,,,
삼성바이오로직스,904000.0,7000.0,-0.77%,915000.0,916000.0,5132.0,4655.0,82368.0,2021-07-30,삼성바이오로직스,207940,"59조  3,500  억원",코스피 7위,66165000,"2,500원  l  1주",66165000,6855049,10.36%,"4.00매수  l  1,019,231","948,000  l  624,000",,"166.00배  l  5,403원",,,104.30배,-1.44%,3744.0,1123.0,838.0,30.0,22.38,,,,,1256.0,711.01,,,,,,"223.69배  l  4,010원","12.74배  l  70,428원",,,,,,
동아쏘시오홀딩스,125000.0,1000.0,-0.79%,126000.0,127000.0,309.0,38.0,14292.0,2021-07-30,동아쏘시오홀딩스,000640,"7,847  억원",코스피 278위,6328173,"5,000원  l  1주",6328173,762445,12.05%,"4.00매수  l  165,000","157,500  l  95,800",,"11.00배  l  11,439원",,,104.30배,-1.39%,2180.0,136.0,100.0,6.22,4.61,,,,,1414.0,89.11,,,,,,"4.92배  l  25,188원","0.85배  l  145,839원",0.81%,,,,,
SK바이오팜,119500.0,1000.0,-0.83%,121000.0,121500.0,19986.0,2396.0,125487.0,2021-07-30,SK바이오팜,326030,"9조  2,801  억원",코스피 42위,78313250,500원  l  1주,78313250,5308305,6.78%,"3.75매수  l  140,000","197,000  l  100,000",,-341.00배  l  -347원,,,104.30배,-1.45%,212.0,-474.0,-414.0,-223.59,-195.28,,,,,,,,,,,,N/A  l  -689원,"18.27배  l  6,486원",,,,,,
국제약품,7100.0,60.0,-0.84%,7080.0,7170.0,9568.0,68.0,70974.0,2021-07-30,국제약품,002720,"1,369  억원",코스피 764위,19276090,"1,000원  l  1주",19276090,294733,1.53%,N/A  l  N/A,"16,577  l  6,700",,N/A  l  N/A,,,104.30배,-1.44%,,,,,,,,,,,,,,,,,N/A  l  -96원,"1.83배  l  3,872원",,,,,,
유유제약,9910.0,90.0,-0.90%,10000.0,10050.0,27801.0,277.0,667856.0,2021-07-30,유유제약,000220,"1,642  억원",코스피 690위,16735664,"1,000원  l  1주",16735664,210416,1.26%,N/A  l  N/A,"18,950  l  5,995",,N/A  l  N/A,,,104.30배,-1.44%,,,,,,,,,,,,,,,,,N/A  l  -36원,"1.52배  l  6,438원",1.11%,,,,,
에이디엠코리아 *,6520.0,60.0,-0.91%,6560.0,6580.0,24771.0,162.0,373562.0,2021-07-30,에이디엠코리아,187660,"1,400  억원",코스닥 758위,21836250,100원  l  1주,21836250,21226,0.10%,N/A  l  N/A,"11,000  l  6,040",N/A  l  N/A,N/A  l  N/A,N/A  l  N/A,,125.27배,-1.44%,,,,,,,,,,,,,,,,,,,,,,,,
파마리서치 *,86800.0,800.0,-0.91%,87100.0,87600.0,3097.0,270.0,106892.0,2021-07-30,파마리서치,214450,"9,020  억원",코스닥 79위,10111930,500원  l  1주,10111930,1370308,13.55%,"4.00매수  l  105,750","95,100  l  53,500",,"22.00배  l  4,055원",,,104.30배,-1.45%,342.0,118.0,,34.48,,,,,,991.0,88.4,,,,,,"22.18배  l  4,021원","3.39배  l  26,309원",0.56%,,,,,
신풍제약,64500.0,600.0,-0.92%,65300.0,65400.0,96105.0,6180.0,676611.0,2021-07-30,신풍제약,019170,"3조  3,698  억원",코스피 99위,52984990,500원  l  1주,52984990,4649634,8.78%,N/A  l  N/A,"214,000  l  59,500",,N/A  l  N/A,,,104.30배,-1.45%,,,,,,,,,,,,,,,,,739.53배  l  86원,"8.92배  l  7,132원",0.16%,,,,,
일동제약,15300.0,150.0,-0.97%,15450.0,15500.0,750.0,11.0,27504.0,2021-07-30,일동제약,249420,"3,630  억원",코스피 442위,23803285,"1,000원  l  1주",23803285,1055450,4.43%,N/A  l  N/A,"25,300  l  14,950",,N/A  l  N/A,,,104.30배,-1.39%,,,,,,,,,,,,,,,,,"N/A  l  -1,036원","1.53배  l  9,938원",,,,,,
유유제약1우,13400.0,150.0,-1.11%,13400.0,13600.0,351.0,4.0,19820.0,2021-07-30,유유제약1우,000225,297  억원,코스피 1127위,2266930,"1,000원  l  1주",2266930,18806,0.83%,N/A  l  N/A,"27,200  l  4,925",,N/A  l  N/A,,,104.30배,-1.39%,,,,,,,,,,,,,,,,,N/A  l  -36원,"2.03배  l  6,438원",0.84%,,,,,
유한양행,61800.0,700.0,-1.12%,62600.0,62700.0,24039.0,1488.0,181743.0,2021-07-30,유한양행,000100,"4조  3,243  억원",코스피 74위,69972959,"1,000원  l  1주",69972959,12464576,17.81%,"4.00매수  l  87,444","81,000  l  52,247",,"46.00배  l  1,340원",,,104.30배,-1.39%,4353.0,199.0,252.0,4.58,5.8,,,,,335.0,183.78,,,,,,"45.08배  l  1,371원","2.18배  l  28,351원",0.62%,,,,,
녹십자,295000.0,3500.0,-1.17%,298500.0,299000.0,2751.0,814.0,70770.0,2021-07-30,녹십자,006280,"3조  4,066  억원",코스피 97위,11686538,"5,000원  l  1주",11686538,2420865,20.71%,"4.00매수  l  470,000","538,000  l  209,000",,"36.00배  l  8,026원",,,104.30배,-1.44%,4008.0,272.0,228.0,6.79,5.68,,,,,1583.0,188.56,,,,,,"34.02배  l  8,568원","2.97배  l  98,068원",0.51%,,,,,
조아제약 *,4475.0,60.0,-1.32%,4325.0,4535.0,179813.0,802.0,1810350.0,2021-07-30,조아제약,034940,"1,506  억원",코스닥 710위,30979827,500원  l  1주,30979827,374552,1.21%,N/A  l  N/A,"6,640  l  3,855",,N/A  l  N/A,,,104.30배,-1.39%,,,,,,,,,,,,,,,,,N/A  l  -54원,"2.63배  l  1,845원",,,,,,
보령제약,17700.0,250.0,-1.39%,17950.0,18000.0,20279.0,361.0,202023.0,2021-07-30,보령제약,003850,1조  438  억원,코스피 227위,57670000,500원  l  1주,57670000,3622543,6.28%,"4.00매수  l  20,970","24,734  l  10,450",,27.00배  l  683원,,,104.30배,-1.44%,1458.0,118.0,85.0,8.09,5.83,,,,,,,,,,,,29.67배  l  610원,"3.11배  l  5,817원",0.41%,,,,,
프레스티지바이오로직스 *,14050.0,200.0,-1.40%,14300.0,14350.0,22827.0,323.0,196203.0,2021-07-30,프레스티지바이오로직스,334970,"6,538  억원",코스닥 121위,47206389,500원  l  1주,47206389,10148133,21.50%,N/A  l  N/A,"21,550  l  11,700",,N/A  l  N/A,,,104.30배,-1.39%,,,,,,,,,,,,,,,,,N/A  l  -684원,"6.01배  l  2,304원",,,,,,
지트리비앤티 *,10250.0,150.0,-1.44%,10400.0,10450.0,17113.0,176.0,261771.0,2021-07-30,지트리비앤티,115450,"2,749  억원",코스닥 379위,27088019,500원  l  1주,27088019,1404322,5.18%,N/A  l  N/A,"33,550  l  9,860",,N/A  l  N/A,,,104.30배,-1.44%,,,,,,,,,,,,,,,,,N/A  l  -712원,"3.13배  l  3,245원",,,,,,
비피도 *,15750.0,250.0,-1.56%,15650.0,15700.0,45591.0,712.0,2185540.0,2021-07-30,비피도,238200,"1,223  억원",코스닥 850위,8180000,500원  l  1주,8180000,73240,0.90%,N/A  l  N/A,"19,900  l  8,016",,N/A  l  N/A,,,104.30배,-1.39%,,,,,,,,,,,,,,,,,25.78배  l  580원,"2.36배  l  6,331원",,,,,,
신풍제약우,86400.0,1400.0,-1.59%,90000.0,90200.0,2587.0,224.0,26894.0,2021-07-30,신풍제약우,019175,"1,883  억원",코스피 650위,2200000,500원  l  1주,2200000,20470,0.93%,N/A  l  N/A,"280,000  l  62,200",,N/A  l  N/A,,,104.30배,-1.45%,,,,,,,,,,,,,,,,,995.35배  l  86원,"12.00배  l  7,132원",0.13%,,,,,
압타바이오 *,77700.0,1300.0,-1.65%,78900.0,79000.0,37249.0,2904.0,671245.0,2021-07-30,압타바이오,293780,"8,333  억원",코스닥 87위,11095233,500원  l  1주,11095233,512429,4.62%,N/A  l  N/A,"82,000  l  25,850",,N/A  l  N/A,,,104.30배,-1.45%,,,,,,,,,,,,,,,,,N/A  l  -554원,"12.09배  l  6,213원",,,,,,
한국파마 *,54800.0,1200.0,-2.14%,55400.0,55500.0,76816.0,4170.0,1143637.0,2021-07-30,한국파마,032300,"6,217  억원",코스닥 130위,10906701,500원  l  1주,10906701,10338,0.09%,N/A  l  N/A,"94,800  l  13,100",176.47배  l  323원,N/A  l  N/A,"13.27배  l  4,294원",,104.30배,-1.39%,,,,,,,,,,,,,,,,,,,0.09%,,,,,
